epoch,accuracy,loss,val_accuracy,val_loss
0,0.15591397881507874,3.640310287475586,0.6634408831596375,2.090998411178589
1,0.4784946143627167,2.0123980045318604,0.8587813377380371,1.12624192237854
2,0.7652329802513123,1.2014586925506592,0.9039426445960999,0.7407258749008179
3,0.8387096524238586,0.8829115033149719,0.9001792073249817,0.6786710023880005
4,0.842293918132782,0.8175321817398071,0.8956989049911499,0.6841709613800049
5,0.9103942513465881,0.6341722011566162,0.9084229469299316,0.6340146064758301
6,0.9247311949729919,0.6075978875160217,0.8813620209693909,0.7645361423492432
7,0.9283154010772705,0.5735471248626709,0.9084229469299316,0.6380853056907654
8,0.9247311949729919,0.5477076172828674,0.9062724113464355,0.6557178497314453
9,0.9551971554756165,0.4671294391155243,0.9150537848472595,0.6332713961601257
10,0.9462365508079529,0.45042359828948975,0.9114695191383362,0.6476802825927734
11,0.9372760057449341,0.5505702495574951,0.823655903339386,1.1451308727264404
12,0.9229390621185303,0.5903695821762085,0.8317204117774963,1.121680736541748
13,0.9283154010772705,0.5449221134185791,0.8896057605743408,0.7800816893577576
14,0.9354838728904724,0.4966379702091217,0.9003584384918213,0.7304392457008362
15,0.9480286836624146,0.4770430624485016,0.9207885265350342,0.6417227387428284
16,0.9462365508079529,0.44702276587486267,0.9143369197845459,0.6700361371040344
17,0.9516128897666931,0.41757094860076904,0.9163082242012024,0.6799620389938354
18,0.9498208165168762,0.4172024726867676,0.9125447869300842,0.707677960395813
19,0.9695340394973755,0.3754142224788666,0.9121863842010498,0.7226908802986145
20,0.9731183052062988,0.3363274037837982,0.9107527136802673,0.7232716679573059
21,0.9677419066429138,0.342495858669281,0.9129032492637634,0.691141664981842
22,0.9713261723518372,0.3399055004119873,0.916487455368042,0.6825559139251709
23,0.9767025113105774,0.33999502658843994,0.9137992858886719,0.7101032137870789
24,0.9713261723518372,0.35852354764938354,0.9179211258888245,0.6892206072807312
25,0.9767025113105774,0.2985394597053528,0.9200716614723206,0.6877785921096802
26,0.9731183052062988,0.3101731836795807,0.9189963936805725,0.7126654386520386
27,0.9749103784561157,0.295221745967865,0.9191756248474121,0.7158566117286682
28,0.9838709831237793,0.28461676836013794,0.9145161509513855,0.7471438050270081
29,0.9731183052062988,0.30624017119407654,0.9213261604309082,0.7026011347770691
