epoch,accuracy,loss,val_accuracy,val_loss
0,0.12211981415748596,3.4217967987060547,0.5483871102333069,2.4321537017822266
1,0.460829496383667,2.2486941814422607,0.8256272673606873,1.601937174797058
2,0.6635944843292236,1.5988514423370361,0.768638014793396,1.3911571502685547
3,0.7718893885612488,1.2788960933685303,0.8268817067146301,1.038425087928772
4,0.8271889686584473,1.0290952920913696,0.833512544631958,0.9354729056358337
5,0.8364055156707764,0.8899204134941101,0.8344085812568665,0.8623924851417542
6,0.9078341126441956,0.7430415153503418,0.8469533920288086,0.7906045317649841
7,0.8963133692741394,0.7113832831382751,0.8249104022979736,0.8871048092842102
8,0.861751139163971,0.8200318217277527,0.7684587836265564,1.1211087703704834
9,0.8778801560401917,0.6981595754623413,0.7940860390663147,1.02921724319458
10,0.9262672662734985,0.5767536759376526,0.8362007141113281,0.8753981590270996
11,0.9147465229034424,0.6261415481567383,0.7883512377738953,1.0509380102157593
12,0.9055299758911133,0.626333475112915,0.8394265174865723,0.8445717692375183
13,0.8940092325210571,0.6815928220748901,0.7779569625854492,1.1309731006622314
14,0.8248847723007202,0.9382821917533875,0.6931899785995483,1.5211126804351807
15,0.8917050957679749,0.6347846388816833,0.7025089859962463,1.4118436574935913
16,0.9055299758911133,0.6386609673500061,0.7915770411491394,1.0423223972320557
17,0.9239631295204163,0.5123165249824524,0.8130824565887451,0.9436511993408203
18,0.9262672662734985,0.49529117345809937,0.8215053677558899,0.9371167421340942
19,0.9447004795074463,0.48365533351898193,0.8182795643806458,0.9551652073860168
20,0.9470046162605286,0.44794970750808716,0.8240143656730652,0.9318104982376099
21,0.9723502397537231,0.38312408328056335,0.823655903339386,0.9550650715827942
22,0.9493087530136108,0.40013882517814636,0.8336917757987976,0.9232375621795654
23,0.9170507192611694,0.4318484365940094,0.8256272673606873,1.0064244270324707
24,0.9470046162605286,0.4429597556591034,0.8394265174865723,0.9212443232536316
25,0.960829496383667,0.4016817510128021,0.8467742204666138,0.9117082357406616
26,0.9539170265197754,0.37086331844329834,0.852150559425354,0.8888339996337891
