epoch,accuracy,loss,val_accuracy,val_loss
0,0.1483870893716812,3.5646839141845703,0.8600358366966248,1.7058695554733276
1,0.5548387169837952,1.7834508419036865,0.9227598309516907,0.816842794418335
2,0.7483870983123779,1.128455638885498,0.9125447869300842,0.6700579524040222
3,0.8709677457809448,0.7570654153823853,0.9327957034111023,0.5388139486312866
4,0.9016128778457642,0.6647445559501648,0.9301075339317322,0.5463108420372009
5,0.9290322661399841,0.5794551968574524,0.9227598309516907,0.5926529765129089
6,0.9306451678276062,0.5405656099319458,0.9243727326393127,0.5600115656852722
7,0.949999988079071,0.4769933521747589,0.9376344084739685,0.5111430883407593
8,0.9612902998924255,0.397066593170166,0.9342293739318848,0.5342488884925842
9,0.9532257914543152,0.3962642550468445,0.9342293739318848,0.5405650734901428
10,0.977419376373291,0.3602413237094879,0.9198924899101257,0.6291167736053467
11,0.9661290049552917,0.34696316719055176,0.9317204356193542,0.571131706237793
12,0.9741935729980469,0.3461681306362152,0.9353046417236328,0.5564999580383301
13,0.9612902998924255,0.3842511475086212,0.9172043204307556,0.6911466717720032
14,0.9709677696228027,0.3261985182762146,0.9313620328903198,0.6063560843467712
15,0.9661290049552917,0.33607837557792664,0.9347670078277588,0.578112781047821
16,0.9709677696228027,0.32801711559295654,0.8965950012207031,0.825439989566803
17,0.9516128897666931,0.4272936284542084,0.90663081407547,0.7658383250236511
18,0.9532257914543152,0.45851293206214905,0.8888888955116272,0.8790883421897888
19,0.9548386931419373,0.4926069676876068,0.9111111164093018,0.7710785269737244
20,0.9403225779533386,0.5267613530158997,0.9041218757629395,0.8451945185661316
21,0.9435483813285828,0.44616472721099854,0.9250895977020264,0.677411675453186
22,0.9693548679351807,0.371235191822052,0.9378136396408081,0.596035897731781
23,0.9677419066429138,0.3322233557701111,0.935125470161438,0.6022701859474182
24,0.9790322780609131,0.31902381777763367,0.9383512735366821,0.5979103446006775
25,0.975806474685669,0.3170397877693176,0.9172043204307556,0.7489082217216492
26,0.9467741847038269,0.4286964535713196,0.9134408831596375,0.8084586262702942
27,0.977419376373291,0.32531285285949707,0.9215053915977478,0.7280302047729492
