epoch,accuracy,loss,val_accuracy,val_loss
0,0.02688172087073326,4.333786964416504,0.2618279457092285,2.932626724243164
1,0.19354838132858276,3.0294740200042725,0.6421146988868713,2.127497434616089
2,0.33870968222618103,2.3697965145111084,0.7360215187072754,1.6430264711380005
3,0.49462366104125977,2.0383646488189697,0.7772401571273804,1.3669395446777344
4,0.6075268983840942,1.6252079010009766,0.7618279457092285,1.3018790483474731
5,0.7365591526031494,1.2595634460449219,0.7802867293357849,1.133949637413025
6,0.7150537371635437,1.3569905757904053,0.7537634372711182,1.1970653533935547
7,0.7795698642730713,1.1520062685012817,0.8295698761940002,0.929371178150177
8,0.7795698642730713,1.0712313652038574,0.8593189716339111,0.8572932481765747
9,0.7903226017951965,1.0220727920532227,0.8578853011131287,0.8410066962242126
10,0.8064516186714172,0.9531810283660889,0.8534049987792969,0.8307305574417114
11,0.8387096524238586,0.9141101837158203,0.8290322422981262,0.9163915514945984
12,0.7956989407539368,0.9895361661911011,0.842293918132782,0.8456880450248718
13,0.8548387289047241,0.8510728478431702,0.8281362056732178,0.920695424079895
14,0.8064516186714172,0.8771246075630188,0.7528674006462097,1.2641146183013916
15,0.8064516186714172,0.9052863717079163,0.767562747001648,1.2562669515609741
16,0.8118279576301575,0.79569011926651,0.7876344323158264,1.1111971139907837
17,0.8548387289047241,0.758277177810669,0.7801074981689453,1.2536110877990723
18,0.8172042965888977,0.9337666034698486,0.8356630802154541,0.9536287784576416
19,0.8548387289047241,0.7752434611320496,0.8258064389228821,1.011965036392212
20,0.897849440574646,0.7111348509788513,0.8500000238418579,0.9097697138786316
21,0.8225806355476379,0.982973575592041,0.8077061176300049,1.113179087638855
22,0.8655914068222046,0.803770899772644,0.8250896334648132,1.039475440979004
23,0.8333333134651184,0.7711443901062012,0.8274193406105042,1.0042656660079956
24,0.8924731016159058,0.6522356867790222,0.8087813854217529,1.1719235181808472
25,0.8763440847396851,0.7981698513031006,0.8173835277557373,1.1434522867202759
26,0.8870967626571655,0.6605061292648315,0.823118269443512,1.1090952157974243
27,0.9032257795333862,0.6168838739395142,0.8344085812568665,1.0453691482543945
28,0.8655914068222046,0.6183040738105774,0.8344085812568665,1.0633102655410767
29,0.8924731016159058,0.6758753657341003,0.8494623899459839,1.0050594806671143
30,0.8924731016159058,0.5986078977584839,0.8431899547576904,1.0319552421569824
