epoch,accuracy,loss,val_accuracy,val_loss
0,0.19354838132858276,3.334791660308838,0.8060932159423828,1.657456874847412
1,0.5677419304847717,1.7072019577026367,0.9014337062835693,0.8843947649002075
2,0.7629032135009766,1.1106258630752563,0.915412187576294,0.6552141308784485
3,0.8403225541114807,0.8122571110725403,0.9245519638061523,0.5855246782302856
4,0.8870967626571655,0.6517300605773926,0.9234766960144043,0.579153299331665
5,0.9338709712028503,0.5586308240890503,0.9270609021186829,0.5527638792991638
6,0.9354838728904724,0.5060725808143616,0.9207885265350342,0.5929083824157715
7,0.9290322661399841,0.5086132287979126,0.9127240180969238,0.6582708954811096
8,0.949999988079071,0.5043495893478394,0.9211469292640686,0.619798481464386
9,0.9306451678276062,0.5140497088432312,0.8829749226570129,0.8193778395652771
10,0.9387096762657166,0.534332811832428,0.8725806474685669,0.9328088164329529
11,0.8403225541114807,1.0557068586349487,0.7596774101257324,1.420404076576233
12,0.8870967626571655,0.7282374501228333,0.85161292552948,0.9632156491279602
13,0.9451612830162048,0.5368609428405762,0.8910394310951233,0.8119342923164368
14,0.9403225779533386,0.5167620778083801,0.9030466079711914,0.7392404079437256
15,0.9435483813285828,0.499559223651886,0.9041218757629395,0.7620837092399597
16,0.9467741847038269,0.5296772718429565,0.9005376100540161,0.8119683861732483
17,0.9451612830162048,0.4801628887653351,0.9089605808258057,0.7619686722755432
18,0.9564515948295593,0.4580078721046448,0.9130824208259583,0.7504439353942871
19,0.9629032015800476,0.398804634809494,0.9125447869300842,0.7567214965820312
20,0.9564515948295593,0.3857840895652771,0.9191756248474121,0.7167423963546753
21,0.9629032015800476,0.3655317723751068,0.9243727326393127,0.6885387897491455
22,0.9564515948295593,0.3726029396057129,0.9297491312026978,0.663922905921936
23,0.9693548679351807,0.33990663290023804,0.8962365388870239,0.9101962447166443
24,0.9161290526390076,0.6910972595214844,0.811469554901123,1.4311449527740479
25,0.9451612830162048,0.5342230200767517,0.893369197845459,0.8412541747093201
