epoch,accuracy,loss,val_accuracy,val_loss
0,0.10685484111309052,3.8085432052612305,0.7137992978096008,2.0603346824645996
1,0.4979838728904724,1.9849369525909424,0.8827956914901733,1.123003363609314
2,0.6995967626571655,1.3430956602096558,0.8935483694076538,0.7925153970718384
3,0.8407257795333862,0.9501996636390686,0.8962365388870239,0.6992933750152588
4,0.8629032373428345,0.7693305611610413,0.9102150797843933,0.616402804851532
5,0.9012096524238586,0.6555744409561157,0.9121863842010498,0.6005750298500061
6,0.9354838728904724,0.5518006682395935,0.8756272196769714,0.7940928339958191
7,0.9495967626571655,0.49923786520957947,0.9026881456375122,0.6672082543373108
8,0.9455645084381104,0.49152615666389465,0.9053763151168823,0.6547689437866211
9,0.9596773982048035,0.44405418634414673,0.9010752439498901,0.7122696042060852
10,0.9516128897666931,0.4584124982357025,0.907706081867218,0.6889838576316833
11,0.8588709831237793,1.002840518951416,0.7001792192459106,1.816429853439331
12,0.8427419066429138,0.953606367111206,0.7822580933570862,1.2978694438934326
13,0.9052419066429138,0.6941792368888855,0.8586021661758423,0.9407059550285339
14,0.9274193644523621,0.5241530537605286,0.8643369078636169,0.8961439728736877
15,0.9395161271095276,0.5187592506408691,0.883512556552887,0.8366041779518127
16,0.9475806355476379,0.4755275547504425,0.8919354677200317,0.803159236907959
17,0.9596773982048035,0.38285917043685913,0.893369197845459,0.8052995800971985
18,0.9677419066429138,0.3981178104877472,0.8960573673248291,0.7927447557449341
19,0.9778226017951965,0.355489581823349,0.8971326351165771,0.7943870425224304
20,0.9596773982048035,0.44986119866371155,0.8847669959068298,0.8690570592880249
21,0.9596773982048035,0.4091271758079529,0.9041218757629395,0.7614194750785828
22,0.9637096524238586,0.38681915402412415,0.9028673768043518,0.7788938879966736
23,0.9737903475761414,0.35060709714889526,0.9021505117416382,0.7885487675666809
24,0.9818548560142517,0.3278083801269531,0.9034050107002258,0.7927439212799072
25,0.9717742204666138,0.3504069149494171,0.9032257795333862,0.8052178025245667
