epoch,accuracy,loss,val_accuracy,val_loss
0,0.15322580933570862,3.5888543128967285,0.690680980682373,2.024207830429077
1,0.45967742800712585,2.080871820449829,0.9311828017234802,1.0456140041351318
2,0.7150537371635437,1.2897330522537231,0.8885304927825928,0.8053167462348938
3,0.8145161271095276,0.9614312052726746,0.9157705903053284,0.619297444820404
4,0.8629032373428345,0.755195677280426,0.89838707447052,0.6427484750747681
5,0.8924731016159058,0.7136133909225464,0.8777777552604675,0.725351870059967
6,0.9274193644523621,0.574440598487854,0.9172043204307556,0.5843691229820251
7,0.9354838728904724,0.5112779140472412,0.9370967745780945,0.498241126537323
8,0.9408602118492126,0.4821809232234955,0.9311828017234802,0.5243916511535645
9,0.9462365508079529,0.47570765018463135,0.9336917400360107,0.534270703792572
10,0.9462365508079529,0.465581476688385,0.9249103665351868,0.5893438458442688
11,0.9569892287254333,0.4476603865623474,0.8827956914901733,0.7484658360481262
12,0.9327957034111023,0.5214505791664124,0.9240143299102783,0.5871741771697998
13,0.9516128897666931,0.42312389612197876,0.8999999761581421,0.6827124357223511
14,0.948924720287323,0.5251585245132446,0.9181003570556641,0.6491557359695435
15,0.9543010592460632,0.4692729115486145,0.9206092953681946,0.6598618626594543
16,0.9543010592460632,0.40465569496154785,0.9116487503051758,0.7232466340065002
17,0.9569892287254333,0.4229370355606079,0.9105734825134277,0.7146721482276917
18,0.9354838728904724,0.4433753192424774,0.9232974648475647,0.6531175971031189
19,0.9704301357269287,0.3588710129261017,0.9306451678276062,0.60853511095047
20,0.9543010592460632,0.3694869875907898,0.9376344084739685,0.5662137866020203
21,0.9838709831237793,0.35491159558296204,0.9392473101615906,0.5561414957046509
22,0.9784946441650391,0.34182947874069214,0.9399641752243042,0.5833066701889038
23,0.9838709831237793,0.3388550877571106,0.9394265413284302,0.5819469690322876
24,0.975806474685669,0.3031994700431824,0.9392473101615906,0.5766250491142273
25,0.9784946441650391,0.3049119710922241,0.940143346786499,0.5739345550537109
26,0.9784946441650391,0.3043452799320221,0.9405018091201782,0.576849639415741
27,0.9784946441650391,0.3250538110733032,0.9387096762657166,0.5987914800643921
