epoch,accuracy,loss,val_accuracy,val_loss
0,0.1758064478635788,3.3551836013793945,0.9017921090126038,1.4951262474060059
1,0.6177419424057007,1.5575348138809204,0.9480286836624146,0.6486658453941345
2,0.8435483574867249,0.9101170897483826,0.9367383718490601,0.5344589352607727
3,0.9096774458885193,0.6928880214691162,0.9451612830162048,0.4548359513282776
4,0.9338709712028503,0.5540809631347656,0.9290322661399841,0.5395087599754333
5,0.9435483813285828,0.4866245985031128,0.9430107474327087,0.4741116762161255
6,0.9435483813285828,0.45049986243247986,0.9449820518493652,0.47581860423088074
7,0.9677419066429138,0.42682018876075745,0.9448028802871704,0.4768287241458893
8,0.9596773982048035,0.38852545619010925,0.9512544870376587,0.4564020037651062
9,0.9693548679351807,0.3514620363712311,0.9525089859962463,0.45321667194366455
10,0.9677419066429138,0.3287278413772583,0.9349462389945984,0.5664495229721069
11,0.9645161032676697,0.31799936294555664,0.9374551773071289,0.5560210943222046
12,0.977419376373291,0.29853326082229614,0.9369175434112549,0.5592749118804932
13,0.9854838848114014,0.2863565683364868,0.9297491312026978,0.6215624809265137
14,0.975806474685669,0.28946059942245483,0.925268828868866,0.6610196232795715
15,0.9725806713104248,0.28922054171562195,0.9482079148292542,0.5249937772750854
16,0.9725806713104248,0.2938750982284546,0.8955197334289551,0.8531537055969238
17,0.9725806713104248,0.31580352783203125,0.9424731135368347,0.5609226822853088
18,0.9709677696228027,0.308521568775177,0.9227598309516907,0.7386718988418579
19,0.9725806713104248,0.31675276160240173,0.8912186622619629,0.8777292966842651
20,0.9645161032676697,0.41282522678375244,0.9069892764091492,0.8325266242027283
21,0.948387086391449,0.4279443025588989,0.8627240061759949,1.1190706491470337
22,0.9596773982048035,0.4004358947277069,0.8901433944702148,0.9489938616752625
23,0.9177419543266296,0.6491220593452454,0.8822580575942993,0.9804667234420776
24,0.9629032015800476,0.441131591796875,0.9112903475761414,0.7954742908477783
25,0.9677419066429138,0.3726489841938019,0.9120071530342102,0.8012875318527222
26,0.9580644965171814,0.39341872930526733,0.9360215067863464,0.6358063220977783
27,0.9419354796409607,0.49002331495285034,0.8768817186355591,1.0465821027755737
28,0.92580646276474,0.635027289390564,0.9118279814720154,0.8084921836853027
29,0.9612902998924255,0.43230143189430237,0.9249103665351868,0.717881441116333
