epoch,accuracy,loss,val_accuracy,val_loss
0,0.1483870893716812,3.521191358566284,0.7501792311668396,1.9088062047958374
1,0.4903225898742676,2.0054116249084473,0.8727598786354065,0.9754969477653503
2,0.7209677696228027,1.2709980010986328,0.9293906688690186,0.6142363548278809
3,0.8435483574867249,0.8731368780136108,0.9431899785995483,0.4958753287792206
4,0.89838707447052,0.6993421316146851,0.9413978457450867,0.47873950004577637
5,0.9274193644523621,0.5729498267173767,0.9437276124954224,0.46304646134376526
6,0.9145161509513855,0.5550888180732727,0.9265232682228088,0.5689361095428467
7,0.9322580695152283,0.5111110806465149,0.9413978457450867,0.5000551342964172
8,0.9370967745780945,0.49103063344955444,0.9453405141830444,0.4713967442512512
9,0.9596773982048035,0.3915911614894867,0.9456989169120789,0.48154813051223755
10,0.9612902998924255,0.3811928629875183,0.9435483813285828,0.4943383038043976
11,0.9580644965171814,0.4151606261730194,0.9034050107002258,0.7270798087120056
12,0.9370967745780945,0.5496426224708557,0.8788530230522156,0.9420681595802307
13,0.9645161032676697,0.39493808150291443,0.907168447971344,0.7571914792060852
14,0.9580644965171814,0.4050484299659729,0.9186379909515381,0.6745907664299011
15,0.9612902998924255,0.4391656816005707,0.9227598309516907,0.6655776500701904
16,0.9451612830162048,0.5123984813690186,0.9218637943267822,0.6848670840263367
17,0.9661290049552917,0.4175291061401367,0.9376344084739685,0.575782060623169
18,0.9725806713104248,0.3974687159061432,0.9322580695152283,0.5923620462417603
19,0.9661290049552917,0.4052237272262573,0.9247311949729919,0.6372882723808289
20,0.9596773982048035,0.38530540466308594,0.9374551773071289,0.5482515692710876
21,0.9709677696228027,0.3450382947921753,0.9419354796409607,0.5338394641876221
22,0.9741935729980469,0.3254997134208679,0.9327957034111023,0.5835122466087341
23,0.9677419066429138,0.3475708067417145,0.9315412044525146,0.5879333019256592
24,0.9564515948295593,0.4692787528038025,0.9168458580970764,0.7228724360466003
25,0.9645161032676697,0.4271753132343292,0.9340502023696899,0.6263485550880432
