epoch,accuracy,loss,val_accuracy,val_loss
0,0.057692307978868484,3.451666831970215,0.1794871836900711,3.3338873386383057
