epoch,accuracy,loss,val_accuracy,val_loss
0,0.06612902879714966,3.4466705322265625,0.2611111104488373,3.306821823120117
1,0.1919354796409607,3.2425737380981445,0.4094982147216797,3.1247599124908447
2,0.3193548321723938,3.0703258514404297,0.4698924720287323,2.961477518081665
3,0.38064515590667725,2.9470508098602295,0.5028674006462097,2.8210532665252686
4,0.4000000059604645,2.8058691024780273,0.5084229111671448,2.693765878677368
5,0.40161290764808655,2.726414918899536,0.5157706141471863,2.5892887115478516
6,0.44999998807907104,2.605417251586914,0.5202509164810181,2.4974558353424072
