epoch,accuracy,loss,val_accuracy,val_loss
0,0.04078947380185127,3.4719772338867188,0.03684210404753685,3.461723804473877
