epoch,accuracy,loss,val_accuracy,val_loss
0,0.02631578966975212,3.4715652465820312,0.04210526496171951,3.4604666233062744
