epoch,accuracy,loss,val_accuracy,val_loss
0,0.030701754614710808,3.474722146987915,0.0335526317358017,3.4625792503356934
