epoch,accuracy,loss,val_accuracy,val_loss
0,0.03947368264198303,3.4788455963134766,0.04868420958518982,3.4648196697235107
