epoch,accuracy,loss,val_accuracy,val_loss
0,0.06315789371728897,3.4506125450134277,0.06644736975431442,3.4472274780273438
