epoch,accuracy,loss,val_accuracy,val_loss
0,0.03665413707494736,3.455368995666504,0.06184210628271103,3.441866159439087
