epoch,accuracy,loss,val_accuracy,val_loss
0,0.04194078966975212,3.4625325202941895,0.057236842811107635,3.444091796875
