epoch,accuracy,loss,val_accuracy,val_loss
0,0.05263157933950424,3.4611048698425293,0.06578947603702545,3.449660539627075
