epoch,accuracy,loss,val_accuracy,val_loss
0,0.03421052545309067,3.4855737686157227,0.04868420958518982,3.46486759185791
