epoch,accuracy,loss,val_accuracy,val_loss
0,0.03618421033024788,3.4760868549346924,0.05000000074505806,3.462400197982788
