epoch,accuracy,loss,val_accuracy,val_loss
0,0.027960525825619698,3.4750607013702393,0.044736843556165695,3.4571995735168457
