epoch,accuracy,loss,val_accuracy,val_loss
0,0.02631578966975212,3.4708125591278076,0.05855263024568558,3.4572594165802
