epoch,accuracy,loss,val_accuracy,val_loss
0,0.032894738018512726,3.482769727706909,0.05065789446234703,3.4580769538879395
