epoch,accuracy,loss,val_accuracy,val_loss
0,0.03618421033024788,3.485792398452759,0.02434210479259491,3.4758763313293457
