epoch,accuracy,loss,val_accuracy,val_loss
0,0.03195488825440407,3.4626858234405518,0.06052631512284279,3.4419474601745605
