epoch,accuracy,loss,val_accuracy,val_loss
0,0.037828948348760605,3.4626035690307617,0.04802631586790085,3.4485397338867188
