epoch,accuracy,loss,val_accuracy,val_loss
0,0.02500000037252903,3.4791059494018555,0.016447369009256363,3.467045545578003
