epoch,accuracy,loss,val_accuracy,val_loss
0,0.01315789483487606,3.4653677940368652,0.02500000037252903,3.455317497253418
