epoch,accuracy,loss,val_accuracy,val_loss
0,0.03179824724793434,3.4713804721832275,0.04078947380185127,3.456552505493164
