epoch,accuracy,loss,val_accuracy,val_loss
0,0.04934210702776909,3.4770843982696533,0.03486842289566994,3.4699513912200928
