epoch,accuracy,loss,val_accuracy,val_loss
0,0.07236842066049576,3.4513943195343018,0.05855263024568558,3.443319320678711
