epoch,accuracy,loss,val_accuracy,val_loss
0,0.02434210479259491,3.4851908683776855,0.014473684132099152,3.4733619689941406
