epoch,accuracy,loss,val_accuracy,val_loss
0,0.055921051651239395,3.4584884643554688,0.044736843556165695,3.4496240615844727
