epoch,accuracy,loss,val_accuracy,val_loss
0,0.04605263099074364,3.4552056789398193,0.09276315569877625,3.4446215629577637
