epoch,accuracy,loss,val_accuracy,val_loss
0,0.02631578966975212,3.477994441986084,0.015789473429322243,3.4646880626678467
