epoch,accuracy,loss,val_accuracy,val_loss
0,0.04605263099074364,3.4628236293792725,0.041447367519140244,3.4623754024505615
