epoch,accuracy,loss,val_accuracy,val_loss
0,0.03552631661295891,3.4675238132476807,0.015131578780710697,3.457308530807495
