epoch,accuracy,loss,val_accuracy,val_loss
0,0.03728070110082626,3.473982334136963,0.032894738018512726,3.4621286392211914
