epoch,accuracy,loss,val_accuracy,val_loss
0,0.02631578966975212,3.479884147644043,0.03486842289566994,3.4685862064361572
