epoch,accuracy,loss,val_accuracy,val_loss
0,0.029605263844132423,3.470290422439575,0.03750000149011612,3.4500937461853027
