epoch,accuracy,loss,val_accuracy,val_loss
0,0.027631578966975212,3.4838976860046387,0.055921051651239395,3.4707298278808594
