epoch,accuracy,loss,val_accuracy,val_loss
0,0.02997075952589512,3.467517852783203,0.045394737273454666,3.456834077835083
