epoch,accuracy,loss,val_accuracy,val_loss
0,0.03947368264198303,3.4657557010650635,0.06381578743457794,3.452115058898926
