epoch,accuracy,loss,val_accuracy,val_loss
0,0.035087719559669495,3.4837448596954346,0.014473684132099152,3.467970132827759
