epoch,accuracy,loss,val_accuracy,val_loss
0,0.05263157933950424,3.483414888381958,0.05855263024568558,3.4770264625549316
