epoch,accuracy,loss,val_accuracy,val_loss
0,0.028289474546909332,3.4692652225494385,0.0335526317358017,3.456353187561035
