epoch,accuracy,loss,val_accuracy,val_loss
0,0.021929824724793434,3.4541006088256836,0.053947366774082184,3.4374897480010986
