epoch,accuracy,loss,val_accuracy,val_loss
0,0.029135338962078094,3.480337381362915,0.0401315800845623,3.4664156436920166
