epoch,accuracy,loss,val_accuracy,val_loss
0,0.02302631549537182,3.473336935043335,0.06184210628271103,3.4586238861083984
