epoch,accuracy,loss,val_accuracy,val_loss
0,0.02631578966975212,3.4750232696533203,0.03947368264198303,3.4536845684051514
