epoch,accuracy,loss,val_accuracy,val_loss
0,0.025493420660495758,3.4735236167907715,0.0625,3.457266092300415
