epoch,accuracy,loss,val_accuracy,val_loss
0,0.032894738018512726,3.4671361446380615,0.04868420958518982,3.4525322914123535
