epoch,accuracy,loss,val_accuracy,val_loss
0,0.043421052396297455,3.4619674682617188,0.043421052396297455,3.4493751525878906
