epoch,accuracy,loss,val_accuracy,val_loss
0,0.030701754614710808,3.4756317138671875,0.06842105090618134,3.463026523590088
