epoch,accuracy,loss,val_accuracy,val_loss
0,0.029605263844132423,3.490922689437866,0.026973683387041092,3.4717555046081543
