epoch,accuracy,loss,val_accuracy,val_loss
0,0.019736841320991516,3.4814395904541016,0.04078947380185127,3.467963933944702
