epoch,accuracy,loss,val_accuracy,val_loss
0,0.03453947231173515,3.481977701187134,0.04868420958518982,3.4611833095550537
