epoch,accuracy,loss,val_accuracy,val_loss
0,0.03759398311376572,3.4686806201934814,0.06447368115186691,3.454908609390259
