epoch,accuracy,loss,val_accuracy,val_loss
0,0.04239765927195549,3.4683802127838135,0.056578949093818665,3.452402114868164
