epoch,accuracy,loss,val_accuracy,val_loss
0,0.044078946113586426,3.453787088394165,0.0736842080950737,3.4396066665649414
