epoch,accuracy,loss,val_accuracy,val_loss
0,0.032894738018512726,3.473217725753784,0.027631578966975212,3.454257011413574
