epoch,accuracy,loss,val_accuracy,val_loss
0,0.042293231934309006,3.4722533226013184,0.057894736528396606,3.454155445098877
