epoch,accuracy,loss,val_accuracy,val_loss
0,0.04605263099074364,3.4787299633026123,0.007894736714661121,3.4675097465515137
