epoch,accuracy,loss,val_accuracy,val_loss
0,0.03618421033024788,3.4723169803619385,0.05000000074505806,3.458031177520752
