epoch,accuracy,loss,val_accuracy,val_loss
0,0.048245612531900406,3.449180841445923,0.05328947305679321,3.4461922645568848
