epoch,accuracy,loss,val_accuracy,val_loss
0,0.032894738018512726,3.476309061050415,0.03815789520740509,3.4638261795043945
