epoch,accuracy,loss,val_accuracy,val_loss
0,0.02631578966975212,3.4755465984344482,0.06052631512284279,3.45316219329834
