epoch,accuracy,loss,val_accuracy,val_loss
0,0.00657894741743803,3.4994490146636963,0.027631578966975212,3.4792380332946777
