epoch,accuracy,loss,val_accuracy,val_loss
0,0.022368421778082848,3.487783432006836,0.04868420958518982,3.475130081176758
