epoch,accuracy,loss,val_accuracy,val_loss
0,0.035087719559669495,3.483811140060425,0.06052631512284279,3.465040922164917
