epoch,accuracy,loss,val_accuracy,val_loss
0,0.03618421033024788,3.475127696990967,0.0690789446234703,3.4577136039733887
