epoch,accuracy,loss,val_accuracy,val_loss
0,0.031578946858644485,3.481694221496582,0.06776315718889236,3.4669201374053955
