epoch,accuracy,loss,val_accuracy,val_loss
0,0.00657894741743803,3.482974052429199,0.015789473429322243,3.473907709121704
