epoch,accuracy,loss,val_accuracy,val_loss
0,0.03552631661295891,3.4805521965026855,0.06447368115186691,3.465916156768799
