epoch,accuracy,loss,val_accuracy,val_loss
0,0.017105262726545334,3.4973068237304688,0.016447369009256363,3.479146957397461
