epoch,accuracy,loss,val_accuracy,val_loss
0,0.02631578966975212,3.4946506023406982,0.008552631363272667,3.4850313663482666
