epoch,accuracy,loss,val_accuracy,val_loss
0,0.04041353240609169,3.469036817550659,0.07302631437778473,3.4507055282592773
