epoch,accuracy,loss,val_accuracy,val_loss
0,0.027960525825619698,3.4668004512786865,0.06052631512284279,3.457934617996216
