epoch,accuracy,loss,val_accuracy,val_loss
0,0.019736841320991516,3.495713949203491,0.02368421107530594,3.4755470752716064
