epoch,accuracy,loss,val_accuracy,val_loss
0,0.03618421033024788,3.472743511199951,0.05460526421666145,3.4575035572052
