epoch,accuracy,loss,val_accuracy,val_loss
0,0.03947368264198303,3.480151414871216,0.017105262726545334,3.4662771224975586
