epoch,accuracy,loss,val_accuracy,val_loss
0,0.035087719559669495,3.4641387462615967,0.05855263024568558,3.4489357471466064
