epoch,accuracy,loss,val_accuracy,val_loss
0,0.03399122878909111,3.4852848052978516,0.028947368264198303,3.4677515029907227
