epoch,accuracy,loss,val_accuracy,val_loss
0,0.03947368264198303,3.458834171295166,0.06776315718889236,3.4587976932525635
