epoch,accuracy,loss,val_accuracy,val_loss
0,0.0416666679084301,3.4680368900299072,0.03881578892469406,3.4546959400177
