epoch,accuracy,loss,val_accuracy,val_loss
0,0.032894738018512726,3.4760496616363525,0.03421052545309067,3.4724349975585938
