epoch,accuracy,loss,val_accuracy,val_loss
0,0.027138158679008484,3.4761064052581787,0.06118420884013176,3.4644806385040283
