epoch,accuracy,loss,val_accuracy,val_loss
0,0.02631578966975212,3.4790425300598145,0.05986842140555382,3.4650330543518066
