epoch,accuracy,loss,val_accuracy,val_loss
0,0.024122806265950203,3.479065179824829,0.055263157933950424,3.4707400798797607
