epoch,accuracy,loss,val_accuracy,val_loss
0,0.031578946858644485,3.486354112625122,0.05921052768826485,3.4673173427581787
