epoch,accuracy,loss,val_accuracy,val_loss
0,0.05263157933950424,3.4653396606445312,0.05197368562221527,3.4548676013946533
