epoch,accuracy,loss,val_accuracy,val_loss
0,0.04135338217020035,3.465048313140869,0.031578946858644485,3.456129550933838
