epoch,accuracy,loss,val_accuracy,val_loss
0,0.034356724470853806,3.4830482006073,0.03815789520740509,3.459246873855591
