epoch,accuracy,loss,val_accuracy,val_loss
0,0.037828948348760605,3.462329149246216,0.05000000074505806,3.449164867401123
