epoch,accuracy,loss,val_accuracy,val_loss
0,0.028947368264198303,3.4725260734558105,0.022368421778082848,3.4600276947021484
