epoch,accuracy,loss,val_accuracy,val_loss
0,0.033834587782621384,3.4786510467529297,0.03947368264198303,3.463768482208252
