epoch,accuracy,loss,val_accuracy,val_loss
0,0.037828948348760605,3.4722306728363037,0.02434210479259491,3.469332695007324
