epoch,accuracy,loss,val_accuracy,val_loss
0,0.035361841320991516,3.467383623123169,0.04605263099074364,3.452563762664795
