epoch,accuracy,loss,val_accuracy,val_loss
0,0.05263157933950424,3.4737260341644287,0.0625,3.45684814453125
