epoch,accuracy,loss,val_accuracy,val_loss
0,0.031578946858644485,3.474907875061035,0.028947368264198303,3.4560494422912598
