epoch,accuracy,loss,val_accuracy,val_loss
0,0.04459064453840256,3.4725449085235596,0.042763158679008484,3.4568259716033936
