epoch,accuracy,loss,val_accuracy,val_loss
0,0.027412280440330505,3.476900339126587,0.04210526496171951,3.464919328689575
