epoch,accuracy,loss,val_accuracy,val_loss
0,0.02302631549537182,3.483069896697998,0.02631578966975212,3.4631905555725098
