epoch,accuracy,loss,val_accuracy,val_loss
0,0.03947368264198303,3.4709343910217285,0.043421052396297455,3.468714714050293
