epoch,accuracy,loss,val_accuracy,val_loss
0,0.03684210404753685,3.461329460144043,0.042763158679008484,3.4512603282928467
