epoch,accuracy,loss,val_accuracy,val_loss
0,0.035087719559669495,3.4808013439178467,0.028289474546909332,3.469433546066284
