epoch,accuracy,loss,val_accuracy,val_loss
0,0.03665413707494736,3.4602675437927246,0.051315788179636,3.442506790161133
