epoch,accuracy,loss,val_accuracy,val_loss
0,0.03552631661295891,3.468653917312622,0.057236842811107635,3.4504594802856445
