epoch,accuracy,loss,val_accuracy,val_loss
0,0.04324856773018837,3.4454762935638428,0.056232091039419174,3.289667844772339
