epoch,accuracy,loss,val_accuracy,val_loss
0,0.06666667014360428,3.210102081298828,0.10325203090906143,2.8404011726379395
1,0.11585365980863571,2.7022817134857178,0.10162601619958878,2.7514069080352783
