epoch,accuracy,loss,val_accuracy,val_loss
0,0.02684563770890236,3.526120185852051,0.09333333373069763,3.444012403488159
1,0.11409395933151245,3.4059057235717773,0.23999999463558197,3.3501899242401123
2,0.17449665069580078,3.285914421081543,0.23999999463558197,3.2557849884033203
3,0.2751677930355072,3.149174213409424,0.3199999928474426,3.0251152515411377
4,0.28859061002731323,3.013005256652832,0.30666667222976685,2.9613986015319824
5,0.30201342701911926,2.905301094055176,0.4266666769981384,2.7446866035461426
6,0.38255032896995544,2.719705104827881,0.3333333432674408,2.788118600845337
7,0.4127516746520996,2.5436363220214844,0.2933333218097687,2.7173290252685547
8,0.4563758373260498,2.4917845726013184,0.4399999976158142,2.449925422668457
