epoch,accuracy,loss,val_accuracy,val_loss
0,0.027412280440330505,3.4844717979431152,0.04078947380185127,3.463789463043213
