epoch,accuracy,loss,val_accuracy,val_loss
0,0.020676691085100174,3.4943487644195557,0.017105262726545334,3.4817206859588623
