epoch,accuracy,loss,val_accuracy,val_loss
0,0.030427630990743637,3.469163656234741,0.06776315718889236,3.4528918266296387
