epoch,accuracy,loss,val_accuracy,val_loss
0,0.02631578966975212,3.4777181148529053,0.03486842289566994,3.4718434810638428
