epoch,accuracy,loss,val_accuracy,val_loss
0,0.021929824724793434,3.4732587337493896,0.053947366774082184,3.45428466796875
