epoch,accuracy,loss,val_accuracy,val_loss
0,0.028947368264198303,3.4895269870758057,0.020394736900925636,3.471677780151367
