epoch,accuracy,loss,val_accuracy,val_loss
0,0.027960525825619698,3.4789702892303467,0.03684210404753685,3.4700212478637695
