epoch,accuracy,loss,val_accuracy,val_loss
0,0.03728070110082626,3.458381414413452,0.02631578966975212,3.4518885612487793
