epoch,accuracy,loss,val_accuracy,val_loss
0,0.04385964944958687,3.4782521724700928,0.041447367519140244,3.4628989696502686
