epoch,accuracy,loss,val_accuracy,val_loss
0,0.034356724470853806,3.468212366104126,0.02368421107530594,3.4547231197357178
