epoch,accuracy,loss,val_accuracy,val_loss
0,0.032894738018512726,3.4614198207855225,0.06973684579133987,3.457242965698242
