epoch,accuracy,loss,val_accuracy,val_loss
0,0.03552631661295891,3.4690613746643066,0.04736842215061188,3.45660138130188
