epoch,accuracy,loss,val_accuracy,val_loss
0,0.018274853006005287,3.498033046722412,0.03815789520740509,3.4778034687042236
