epoch,accuracy,loss,val_accuracy,val_loss
0,0.03371710702776909,3.4793179035186768,0.045394737273454666,3.4615092277526855
