epoch,accuracy,loss,val_accuracy,val_loss
0,0.055451128631830215,3.4564151763916016,0.057894736528396606,3.441725492477417
