epoch,accuracy,loss,val_accuracy,val_loss
0,0.032894738018512726,3.471719741821289,0.04934210702776909,3.458944797515869
