epoch,accuracy,loss,val_accuracy,val_loss
0,0.04020467773079872,3.4610648155212402,0.0625,3.446336030960083
