epoch,accuracy,loss,val_accuracy,val_loss
0,0.025584794580936432,3.4804773330688477,0.05197368562221527,3.4648592472076416
