epoch,accuracy,loss,val_accuracy,val_loss
0,0.032894738018512726,3.482534408569336,0.017763158306479454,3.475569248199463
