epoch,accuracy,loss,val_accuracy,val_loss
0,0.021381579339504242,3.5110695362091064,0.013815789483487606,3.4949774742126465
