epoch,accuracy,loss,val_accuracy,val_loss
0,0.030701754614710808,3.4682834148406982,0.022368421778082848,3.445899724960327
