epoch,accuracy,loss,val_accuracy,val_loss
0,0.05197368562221527,3.46570086479187,0.031578946858644485,3.454397201538086
