epoch,accuracy,loss,val_accuracy,val_loss
0,0.02302631549537182,3.4896798133850098,0.043421052396297455,3.477414846420288
