epoch,accuracy,loss,val_accuracy,val_loss
0,0.03125,3.462021589279175,0.04605263099074364,3.4519119262695312
