epoch,accuracy,loss,val_accuracy,val_loss
0,0.0357142873108387,3.4726080894470215,0.029605263844132423,3.4621987342834473
