epoch,accuracy,loss,val_accuracy,val_loss
0,0.03125,3.472321033477783,0.032236840575933456,3.4609580039978027
