epoch,accuracy,loss,val_accuracy,val_loss
0,0.035087719559669495,3.4799957275390625,0.028289474546909332,3.4635415077209473
