epoch,accuracy,loss,val_accuracy,val_loss
0,0.02631578966975212,3.462686538696289,0.02434210479259491,3.471874713897705
