epoch,accuracy,loss,val_accuracy,val_loss
0,0.03837719187140465,3.4833853244781494,0.05000000074505806,3.4690215587615967
