epoch,accuracy,loss,val_accuracy,val_loss
0,0.032894738018512726,3.465160608291626,0.045394737273454666,3.4522743225097656
