epoch,accuracy,loss,val_accuracy,val_loss
0,0.03815789520740509,3.470048427581787,0.0671052634716034,3.453164577484131
