epoch,accuracy,loss,val_accuracy,val_loss
0,0.029605263844132423,3.4825921058654785,0.056578949093818665,3.467542886734009
