epoch,accuracy,loss,val_accuracy,val_loss
0,0.05263157933950424,3.4593443870544434,0.04934210702776909,3.4513862133026123
