epoch,accuracy,loss,val_accuracy,val_loss
0,0.03759398311376572,3.4704015254974365,0.04802631586790085,3.459663152694702
