epoch,accuracy,loss,val_accuracy,val_loss
0,0.019736841320991516,3.5043892860412598,0.02368421107530594,3.4725029468536377
