epoch,accuracy,loss,val_accuracy,val_loss
0,0.023391813039779663,3.483675003051758,0.03815789520740509,3.4709739685058594
