epoch,accuracy,loss,val_accuracy,val_loss
0,0.030701754614710808,3.488874673843384,0.041447367519140244,3.4739720821380615
