epoch,accuracy,loss,val_accuracy,val_loss
0,0.04934210702776909,3.487523078918457,0.03947368264198303,3.47339129447937
