epoch,accuracy,loss,val_accuracy,val_loss
0,0.02631578966975212,3.4870235919952393,0.028289474546909332,3.4761152267456055
