epoch,accuracy,loss,val_accuracy,val_loss
0,0.03665413707494736,3.4502017498016357,0.019736841320991516,3.442988395690918
