epoch,accuracy,loss,val_accuracy,val_loss
0,0.030701754614710808,3.472033739089966,0.03881578892469406,3.4609174728393555
