epoch,accuracy,loss,val_accuracy,val_loss
0,0.021052632480859756,3.473797559738159,0.056578949093818665,3.4603545665740967
