epoch,accuracy,loss,val_accuracy,val_loss
0,0.03618421033024788,3.4845974445343018,0.016447369009256363,3.4652013778686523
