epoch,accuracy,loss,val_accuracy,val_loss
0,0.0416666679084301,3.463710308074951,0.044078946113586426,3.4566197395324707
