epoch,accuracy,loss,val_accuracy,val_loss
0,0.05921052768826485,3.4598751068115234,0.03684210404753685,3.4558300971984863
