epoch,accuracy,loss,val_accuracy,val_loss
0,0.0416666679084301,3.4615638256073,0.053947366774082184,3.451833724975586
