epoch,accuracy,loss,val_accuracy,val_loss
0,0.04671052470803261,3.4550042152404785,0.07302631437778473,3.441433906555176
