epoch,accuracy,loss,val_accuracy,val_loss
0,0.045230261981487274,3.44697642326355,0.07105263322591782,3.4360129833221436
