epoch,accuracy,loss,val_accuracy,val_loss
0,0.02631578966975212,3.490710496902466,0.019078947603702545,3.4734222888946533
