epoch,accuracy,loss,val_accuracy,val_loss
0,0.03947368264198303,3.461913824081421,0.03421052545309067,3.4541664123535156
