epoch,accuracy,loss,val_accuracy,val_loss
0,0.03421052545309067,3.4584007263183594,0.04736842215061188,3.445915699005127
