epoch,accuracy,loss,val_accuracy,val_loss
0,0.03399122878909111,3.479112148284912,0.014473684132099152,3.460386037826538
