epoch,accuracy,loss,val_accuracy,val_loss
0,0.04111842066049576,3.4762320518493652,0.057894736528396606,3.466055393218994
