epoch,accuracy,loss,val_accuracy,val_loss
0,0.019736841320991516,3.4747731685638428,0.04802631586790085,3.458587646484375
