epoch,accuracy,loss,val_accuracy,val_loss
0,0.04078947380185127,3.4700727462768555,0.06513158231973648,3.4600577354431152
