epoch,accuracy,loss,val_accuracy,val_loss
0,0.021929824724793434,3.483459234237671,0.021710526198148727,3.4670042991638184
