epoch,accuracy,loss,val_accuracy,val_loss
0,0.02631578966975212,3.4979865550994873,0.032236840575933456,3.4848880767822266
