epoch,accuracy,loss,val_accuracy,val_loss
0,0.04194078966975212,3.4658279418945312,0.06578947603702545,3.4549710750579834
