epoch,accuracy,loss,val_accuracy,val_loss
0,0.033834587782621384,3.4759926795959473,0.045394737273454666,3.4651939868927
