epoch,accuracy,loss,val_accuracy,val_loss
0,0.03815789520740509,3.4755425453186035,0.0335526317358017,3.461930990219116
