epoch,accuracy,loss,val_accuracy,val_loss
0,0.02997075952589512,3.473417282104492,0.03618421033024788,3.459989309310913
