epoch,accuracy,loss,val_accuracy,val_loss
0,0.029605263844132423,3.4869585037231445,0.03552631661295891,3.468812942504883
