epoch,accuracy,loss,val_accuracy,val_loss
0,0.04111842066049576,3.4571540355682373,0.05000000074505806,3.4425547122955322
