epoch,accuracy,loss,val_accuracy,val_loss
0,0.04511278122663498,3.454197645187378,0.07763157784938812,3.443718910217285
