epoch,accuracy,loss,val_accuracy,val_loss
0,0.04605263099074364,3.4678564071655273,0.057236842811107635,3.464517593383789
