epoch,accuracy,loss,val_accuracy,val_loss
0,0.035087719559669495,3.4834837913513184,0.05197368562221527,3.470004081726074
