epoch,accuracy,loss,val_accuracy,val_loss
0,0.029605263844132423,3.4669880867004395,0.044078946113586426,3.4640047550201416
