epoch,accuracy,loss,val_accuracy,val_loss
0,0.03947368264198303,3.4810338020324707,0.044078946113586426,3.4706060886383057
