epoch,accuracy,loss,val_accuracy,val_loss
0,0.03453947231173515,3.4902172088623047,0.01315789483487606,3.4727590084075928
