epoch,accuracy,loss,val_accuracy,val_loss
0,0.04020467773079872,3.4792463779449463,0.04736842215061188,3.4637560844421387
