epoch,accuracy,loss,val_accuracy,val_loss
0,0.030427630990743637,3.473729133605957,0.02434210479259491,3.454124927520752
