epoch,accuracy,loss,val_accuracy,val_loss
0,0.044078946113586426,3.462007522583008,0.04671052470803261,3.4495184421539307
