epoch,accuracy,loss,val_accuracy,val_loss
0,0.04078947380185127,3.4658565521240234,0.043421052396297455,3.455723524093628
