epoch,accuracy,loss,val_accuracy,val_loss
0,0.021929824724793434,3.473456382751465,0.044078946113586426,3.463351011276245
