epoch,accuracy,loss,val_accuracy,val_loss
0,0.03865131735801697,3.4700169563293457,0.045394737273454666,3.45210862159729
