epoch,accuracy,loss,val_accuracy,val_loss
0,0.05921052768826485,3.454011917114258,0.06842105090618134,3.449098587036133
