epoch,accuracy,loss,val_accuracy,val_loss
0,0.03399122878909111,3.4552814960479736,0.032236840575933456,3.44522762298584
