epoch,accuracy,loss,val_accuracy,val_loss
0,0.03947368264198303,3.448396682739258,0.044736843556165695,3.4373767375946045
