epoch,accuracy,loss,val_accuracy,val_loss
0,0.02777777798473835,3.473623514175415,0.029605263844132423,3.4592010974884033
