epoch,accuracy,loss,val_accuracy,val_loss
0,0.03728070110082626,3.486921787261963,0.04605263099074364,3.4756674766540527
