epoch,accuracy,loss,val_accuracy,val_loss
0,0.02631578966975212,3.4863028526306152,0.030921053141355515,3.4740331172943115
