epoch,accuracy,loss,val_accuracy,val_loss
0,0.03759398311376572,3.491773843765259,0.031578946858644485,3.474257230758667
