epoch,accuracy,loss,val_accuracy,val_loss
0,0.04934210702776909,3.4668216705322266,0.0335526317358017,3.462355375289917
