epoch,accuracy,loss,val_accuracy,val_loss
0,0.03486842289566994,3.4696760177612305,0.030263157561421394,3.4544520378112793
