epoch,accuracy,loss,val_accuracy,val_loss
0,0.024122806265950203,3.479255199432373,0.007894736714661121,3.4647982120513916
