epoch,accuracy,loss,val_accuracy,val_loss
0,0.03195488825440407,3.4888978004455566,0.02434210479259491,3.478975534439087
