epoch,accuracy,loss,val_accuracy,val_loss
0,0.019736841320991516,3.4874179363250732,0.028947368264198303,3.4840409755706787
