epoch,accuracy,loss,val_accuracy,val_loss
0,0.02368421107530594,3.4846692085266113,0.04671052470803261,3.4726674556732178
