epoch,accuracy,loss,val_accuracy,val_loss
0,0.02631578966975212,3.47617506980896,0.02302631549537182,3.4738500118255615
