epoch,accuracy,loss,val_accuracy,val_loss
0,0.03947368264198303,3.4562785625457764,0.053947366774082184,3.449746608734131
