epoch,accuracy,loss,val_accuracy,val_loss
0,0.032894738018512726,3.4740028381347656,0.041447367519140244,3.4614131450653076
