epoch,accuracy,loss,val_accuracy,val_loss
0,0.022368421778082848,3.484570026397705,0.0335526317358017,3.4670569896698
