epoch,accuracy,loss,val_accuracy,val_loss
0,0.027960525825619698,3.4628336429595947,0.06776315718889236,3.449493169784546
