epoch,accuracy,loss,val_accuracy,val_loss
0,0.03728070110082626,3.484713077545166,0.028289474546909332,3.472656488418579
