epoch,accuracy,loss,val_accuracy,val_loss
0,0.04605263099074364,3.4714503288269043,0.04605263099074364,3.4609057903289795
