epoch,accuracy,loss,val_accuracy,val_loss
0,0.04385964944958687,3.470444679260254,0.041447367519140244,3.4522132873535156
