epoch,accuracy,loss,val_accuracy,val_loss
0,0.04605263099074364,3.477529764175415,0.04934210702776909,3.4664840698242188
