epoch,accuracy,loss,val_accuracy,val_loss
0,0.04532163590192795,3.4705381393432617,0.05921052768826485,3.454805612564087
