epoch,accuracy,loss,val_accuracy,val_loss
0,0.032894738018512726,3.4720330238342285,0.06052631512284279,3.4538896083831787
