epoch,accuracy,loss,val_accuracy,val_loss
0,0.027138158679008484,3.476651668548584,0.019078947603702545,3.4651033878326416
