epoch,accuracy,loss,val_accuracy,val_loss
0,0.03333333507180214,3.4861860275268555,0.07333333045244217,3.365351676940918
1,0.07777778059244156,3.276583433151245,0.1133333370089531,3.260279655456543
