epoch,accuracy,loss,val_accuracy,val_loss
0,0.03333333507180214,3.491455078125,0.05000000074505806,3.381553888320923
1,0.01666666753590107,3.333305597305298,0.11666666716337204,3.3076272010803223
