epoch,accuracy,loss,val_accuracy,val_loss
0,0.0416666679084301,3.4628231525421143,0.07333333045244217,3.3369455337524414
1,0.17499999701976776,3.2097060680389404,0.1066666692495346,3.212261199951172
