epoch,accuracy,loss,val_accuracy,val_loss
0,0.03333333507180214,3.4967057704925537,0.06333333253860474,3.3409500122070312
1,0.11999999731779099,3.2355711460113525,0.11666666716337204,3.1710872650146484
