epoch,accuracy,loss,val_accuracy,val_loss
0,0.0,3.460151195526123,0.019999999552965164,3.4691479206085205
1,0.03333333507180214,3.4159276485443115,0.029999999329447746,3.4269869327545166
