epoch,accuracy,loss,val_accuracy,val_loss
0,0.03333333507180214,3.497654914855957,0.0533333346247673,3.361186981201172
1,0.10000000149011612,3.282670736312866,0.11666666716337204,3.249579906463623
