epoch,accuracy,loss,val_accuracy,val_loss
0,0.02500000037252903,3.500605821609497,0.09000000357627869,3.3798060417175293
1,0.13333334028720856,3.2555811405181885,0.14000000059604645,3.2492082118988037
