epoch,accuracy,loss,val_accuracy,val_loss
0,0.03333333507180214,3.4210314750671387,0.07000000029802322,3.376814126968384
1,0.10000000149011612,3.2750940322875977,0.07666666805744171,3.313203811645508
