epoch,accuracy,loss,val_accuracy,val_loss
0,0.03333333507180214,3.475033760070801,0.019999999552965164,3.4593241214752197
1,0.10000000149011612,3.353978157043457,0.03333333507180214,3.4215316772460938
