epoch,accuracy,loss,val_accuracy,val_loss
0,0.046666666865348816,3.4277095794677734,0.10333333164453506,3.288804292678833
1,0.15333333611488342,3.1819684505462646,0.14666666090488434,3.1291253566741943
