epoch,accuracy,loss,val_accuracy,val_loss
0,0.011111111380159855,3.4861748218536377,0.03999999910593033,3.392282009124756
1,0.04444444552063942,3.2919037342071533,0.1066666692495346,3.290374279022217
