epoch,accuracy,loss,val_accuracy,val_loss
0,0.0833333358168602,3.5179555416107178,0.05666666850447655,3.443819284439087
1,0.06666667014360428,3.3520007133483887,0.07333333045244217,3.376539945602417
