epoch,accuracy,loss,val_accuracy,val_loss
0,0.03999999910593033,3.517303466796875,0.07666666805744171,3.373767614364624
1,0.12666666507720947,3.261246919631958,0.12333333492279053,3.2048044204711914
