epoch,accuracy,loss,val_accuracy,val_loss
0,0.0,3.5003113746643066,0.07000000029802322,3.4241251945495605
1,0.13333334028720856,3.368502140045166,0.07000000029802322,3.3887243270874023
