epoch,accuracy,loss,val_accuracy,val_loss
0,0.05000000074505806,3.5196986198425293,0.046666666865348816,3.4184656143188477
1,0.07500000298023224,3.3145270347595215,0.07333333045244217,3.2805159091949463
