epoch,accuracy,loss,val_accuracy,val_loss
0,0.06666667014360428,3.466717481613159,0.019999999552965164,3.4097557067871094
1,0.0,3.439460277557373,0.03333333507180214,3.3743629455566406
