epoch,accuracy,loss,val_accuracy,val_loss
0,0.006666666828095913,3.4670634269714355,0.05666666850447655,3.313485860824585
1,0.08666666597127914,3.209260940551758,0.1133333370089531,3.163323402404785
