epoch,accuracy,loss,val_accuracy,val_loss
0,0.011111111380159855,3.4917263984680176,0.10333333164453506,3.3796911239624023
1,0.06666667014360428,3.2975847721099854,0.10999999940395355,3.281964063644409
