epoch,accuracy,loss,val_accuracy,val_loss
0,0.008333333767950535,3.581509590148926,0.03999999910593033,3.4092276096343994
1,0.06666667014360428,3.3092641830444336,0.07666666805744171,3.2843594551086426
