epoch,accuracy,loss,val_accuracy,val_loss
0,0.03333333507180214,3.406046152114868,0.0533333346247673,3.3847553730010986
1,0.10000000149011612,3.373542547225952,0.07333333045244217,3.324709177017212
