epoch,accuracy,loss,val_accuracy,val_loss
0,0.43888887763023376,1.8149632215499878,0.526190459728241,1.619362473487854
1,0.47777777910232544,1.5551778078079224,0.526190459728241,1.591064214706421
