epoch,accuracy,loss,val_accuracy,val_loss
0,0.6866666674613953,0.8308857679367065,0.75,0.8947461843490601
1,0.7233333587646484,0.8505407571792603,0.7266666889190674,1.0207741260528564
