epoch,accuracy,loss,val_accuracy,val_loss
0,0.05628453195095062,3.2846477031707764,0.03637200593948364,3.714627504348755
1,0.09139042347669601,2.9222118854522705,0.07458563894033432,2.960340976715088
2,0.10347606241703033,2.8306660652160645,0.10451196879148483,2.7684080600738525
3,0.10094383358955383,2.815612316131592,0.1031307578086853,2.7644526958465576
4,0.10865561664104462,2.781883478164673,0.11924493312835693,2.712796688079834
