epoch,accuracy,loss,val_accuracy,val_loss
0,0.09354838728904724,3.6583032608032227,0.5118279457092285,2.554699659347534
1,0.3709677457809448,2.4564566612243652,0.6759856343269348,1.7959699630737305
2,0.4935483932495117,1.920906662940979,0.6784946322441101,1.5623133182525635
3,0.6096774339675903,1.5617427825927734,0.6840502023696899,1.404969334602356
4,0.7064515948295593,1.2632540464401245,0.7413978576660156,1.1632224321365356
5,0.7645161151885986,1.0851047039031982,0.7469534277915955,1.0733407735824585
6,0.7677419185638428,1.0549534559249878,0.7578852772712708,1.0380680561065674
7,0.800000011920929,0.943416953086853,0.7283154129981995,1.1848173141479492
8,0.8064516186714172,0.907081663608551,0.7534050345420837,1.072793960571289
9,0.8161290287971497,0.8371935486793518,0.75824373960495,1.078095555305481
10,0.8419354557991028,0.7538419961929321,0.7670251131057739,1.0501761436462402
11,0.8709677457809448,0.716884970664978,0.7578852772712708,1.1338835954666138
12,0.8290322422981262,0.8263843059539795,0.7498207688331604,1.1606405973434448
13,0.8258064389228821,0.8044018149375916,0.7688171863555908,1.1163127422332764
14,0.8225806355476379,0.7601427435874939,0.7586021423339844,1.1266276836395264
15,0.7451612949371338,1.196720004081726,0.6293906569480896,1.709850549697876
16,0.7419354915618896,1.1323517560958862,0.6718637943267822,1.5265854597091675
17,0.774193525314331,0.9254897832870483,0.6881720423698425,1.4385192394256592
18,0.7677419185638428,0.9047505855560303,0.7354838848114014,1.2277350425720215
19,0.8193548321723938,0.7702060341835022,0.7444444298744202,1.1808280944824219
20,0.8322580456733704,0.7830715775489807,0.7591397762298584,1.1612493991851807
21,0.7967742085456848,0.7766932249069214,0.7584229111671448,1.2094380855560303
22,0.8064516186714172,0.7417830228805542,0.773655891418457,1.1853832006454468
23,0.874193549156189,0.6686869859695435,0.7732974886894226,1.1781260967254639
24,0.8645161390304565,0.6064308285713196,0.7716845870018005,1.1486804485321045
25,0.8709677457809448,0.6458907723426819,0.7657706141471863,1.2150847911834717
26,0.896774172782898,0.5738363265991211,0.7456989288330078,1.2965431213378906
