epoch,accuracy,loss,val_accuracy,val_loss
0,0.17050690948963165,3.4667258262634277,0.6200717091560364,2.1003479957580566
1,0.44930875301361084,2.096972703933716,0.83243727684021,1.2798182964324951
2,0.638248860836029,1.5383261442184448,0.8041218519210815,1.144110083580017
3,0.7119815945625305,1.2726370096206665,0.8204300999641418,0.9939020872116089
4,0.7880184054374695,1.0776033401489258,0.8344085812568665,0.9150994420051575
5,0.8294931054115295,0.8935489058494568,0.8630824089050293,0.7892939448356628
6,0.8640552759170532,0.8597258925437927,0.814874529838562,1.0179095268249512
7,0.8317972421646118,0.9033015966415405,0.8274193406105042,0.9607965350151062
8,0.8917050957679749,0.7109086513519287,0.8471326231956482,0.877059817314148
9,0.9170507192611694,0.6446895599365234,0.8679211735725403,0.8128514289855957
10,0.8847926259040833,0.7052128314971924,0.8564516305923462,0.8516079783439636
11,0.9055299758911133,0.5916156768798828,0.8697132468223572,0.8421597480773926
12,0.900921642780304,0.6415512561798096,0.8297491073608398,1.0366381406784058
13,0.900921642780304,0.6178672313690186,0.8462365865707397,1.0042136907577515
14,0.9124423861503601,0.6689993143081665,0.8679211735725403,0.8613581657409668
15,0.9262672662734985,0.5519323945045471,0.8661290407180786,0.8739155530929565
16,0.942396342754364,0.48478445410728455,0.8474910259246826,0.9875637888908386
17,0.9285714030265808,0.5665934681892395,0.8750895857810974,0.8515254259109497
18,0.942396342754364,0.4954111874103546,0.8408601880073547,1.0251344442367554
19,0.9377880096435547,0.5001899003982544,0.8641576766967773,0.9343794584274292
20,0.9354838728904724,0.4760599732398987,0.865412175655365,0.9444823265075684
21,0.960829496383667,0.4656217694282532,0.8679211735725403,0.9305126667022705
22,0.9377880096435547,0.47847118973731995,0.85161292552948,1.0304590463638306
23,0.9493087530136108,0.4794427156448364,0.8677419424057007,0.9935071468353271
24,0.9331797361373901,0.5139369964599609,0.8478494882583618,1.0819534063339233
25,0.9262672662734985,0.5130825042724609,0.853225827217102,1.0330259799957275
