epoch,accuracy,loss,val_accuracy,val_loss
0,0.1596774160861969,3.4835205078125,0.6254480481147766,2.143026113510132
1,0.5161290168762207,1.9416905641555786,0.8017920851707458,1.2766889333724976
2,0.7145161032676697,1.2955703735351562,0.8268817067146301,1.0139952898025513
3,0.8258064389228821,0.9851980805397034,0.8591398000717163,0.8163356184959412
4,0.8500000238418579,0.8142365217208862,0.8541218638420105,0.8203767538070679
5,0.8854838609695435,0.7417355179786682,0.8333333134651184,0.917774498462677
6,0.8903225660324097,0.6447173953056335,0.8405017852783203,0.9239184260368347
7,0.9016128778457642,0.6541020274162292,0.8582437038421631,0.8225149512290955
8,0.9161290526390076,0.5679821372032166,0.8295698761940002,0.9699007868766785
9,0.9241935610771179,0.5359154343605042,0.851075291633606,0.8575934767723083
10,0.9290322661399841,0.4672980010509491,0.8500000238418579,0.8958731293678284
11,0.9516128897666931,0.4320799708366394,0.8467742204666138,0.928953230381012
12,0.9516128897666931,0.38108763098716736,0.8462365865707397,0.9562150239944458
13,0.949999988079071,0.4227207899093628,0.8618279695510864,0.9002571105957031
14,0.9387096762657166,0.42418959736824036,0.8453404903411865,0.9933391809463501
15,0.9419354796409607,0.41986599564552307,0.8467742204666138,0.9802376627922058
16,0.948387086391449,0.4181421995162964,0.8596774339675903,0.9392300844192505
17,0.948387086391449,0.39283430576324463,0.8627240061759949,0.9078384637832642
18,0.9580644965171814,0.3888617753982544,0.8535842299461365,0.993423581123352
19,0.9387096762657166,0.44875434041023254,0.8121863603591919,1.2223013639450073
20,0.9225806593894958,0.47795370221138,0.7781361937522888,1.5539984703063965
21,0.9032257795333862,0.6092615723609924,0.8213261365890503,1.1788246631622314
22,0.9387096762657166,0.45559459924697876,0.8410394191741943,1.0934216976165771
23,0.9516128897666931,0.3758108615875244,0.852150559425354,1.031948447227478
