epoch,accuracy,loss,val_accuracy,val_loss
0,0.1577060967683792,3.327932119369507,0.5860214829444885,2.2953083515167236
1,0.47311827540397644,2.0377185344696045,0.7507168650627136,1.4789632558822632
2,0.6756272315979004,1.4181822538375854,0.7620071768760681,1.187171220779419
3,0.7544803023338318,1.1795934438705444,0.7684587836265564,1.0764453411102295
4,0.8100358247756958,0.9633132815361023,0.7351254224777222,1.1508501768112183
5,0.8673835396766663,0.8099187612533569,0.7306451797485352,1.1735749244689941
6,0.8709677457809448,0.7224675416946411,0.7706093192100525,1.0483965873718262
7,0.8584229350090027,0.7264244556427002,0.773655891418457,1.042256474494934
8,0.8996415734291077,0.6019942164421082,0.7747311592102051,1.0773698091506958
9,0.9014337062835693,0.5786707401275635,0.7713261842727661,1.092968463897705
10,0.8709677457809448,0.6945171356201172,0.6512544751167297,1.941997766494751
11,0.7849462628364563,1.1143138408660889,0.6227598786354065,1.8698811531066895
12,0.8369175791740417,0.7983448505401611,0.7326164841651917,1.3647924661636353
13,0.8584229350090027,0.6646813154220581,0.7682795524597168,1.1927376985549927
14,0.9014337062835693,0.6009625792503357,0.7650537490844727,1.2209571599960327
15,0.8942652344703674,0.5855762958526611,0.7614695429801941,1.2640987634658813
16,0.8960573673248291,0.5334514379501343,0.7663082480430603,1.2323009967803955
17,0.9193548560142517,0.5191341042518616,0.7695340514183044,1.2517331838607788
18,0.9211469292640686,0.4777606129646301,0.7826164960861206,1.2316087484359741
19,0.9103942513465881,0.5028825402259827,0.7560932040214539,1.3370941877365112
20,0.9157705903053284,0.5231830477714539,0.7267025113105774,1.5502196550369263
21,0.9032257795333862,0.6672470569610596,0.7471325993537903,1.4356236457824707
22,0.9193548560142517,0.4939696490764618,0.7693548202514648,1.2820192575454712
23,0.897849440574646,0.5308451652526855,0.7374551892280579,1.4682927131652832
24,0.9050179123878479,0.49506494402885437,0.7713261842727661,1.3721903562545776
25,0.9211469292640686,0.4571343660354614,0.7770609259605408,1.2953511476516724
26,0.91756272315979,0.4405045509338379,0.7616487741470337,1.3727737665176392
27,0.9014337062835693,0.4879894256591797,0.7586021423339844,1.4188718795776367
