epoch,accuracy,loss,val_accuracy,val_loss
0,0.09677419066429138,3.593533754348755,0.5523297786712646,2.492250919342041
1,0.3333333432674408,2.4045023918151855,0.750537633895874,1.6127405166625977
2,0.5967742204666138,1.6611106395721436,0.7652329802513123,1.2528812885284424
3,0.6962365508079529,1.3520013093948364,0.7625448107719421,1.1048121452331543
4,0.7284946441650391,1.112509846687317,0.7629032135009766,1.0412250757217407
5,0.8198924660682678,0.9584341645240784,0.7704300880432129,1.0146827697753906
6,0.8252688050270081,0.882462203502655,0.7758064270019531,0.9899497032165527
7,0.8198924660682678,0.8340938687324524,0.782437264919281,0.9985337853431702
8,0.8306451439857483,0.7876940369606018,0.7806451320648193,1.011258602142334
9,0.8467742204666138,0.7295536994934082,0.781899631023407,1.0114755630493164
10,0.8736559152603149,0.66571044921875,0.7851254343986511,0.9958891868591309
11,0.8655914068222046,0.678554892539978,0.7838709950447083,1.0277774333953857
12,0.8655914068222046,0.644159734249115,0.7534050345420837,1.178348422050476
13,0.8279569745063782,0.8295125365257263,0.7473118305206299,1.14711332321167
14,0.7956989407539368,0.8368414640426636,0.7347670197486877,1.3145774602890015
15,0.7795698642730713,0.9245727062225342,0.7243727445602417,1.2886321544647217
16,0.7930107712745667,0.8754560947418213,0.6991039514541626,1.3457920551300049
17,0.774193525314331,0.9601593017578125,0.7530465722084045,1.1638799905776978
18,0.8467742204666138,0.7138519883155823,0.7797490954399109,1.1045633554458618
19,0.852150559425354,0.6915871500968933,0.7822580933570862,1.0662866830825806
20,0.8494623899459839,0.6607681512832642,0.7910394072532654,1.0695744752883911
21,0.852150559425354,0.6415218114852905,0.7858422994613647,1.0825812816619873
22,0.8494623899459839,0.6154316663742065,0.7842293977737427,1.0875492095947266
23,0.8602150678634644,0.6805990934371948,0.7768816947937012,1.1794872283935547
24,0.8467742204666138,0.6407580375671387,0.7960573434829712,1.0783236026763916
25,0.8629032373428345,0.5394911170005798,0.7865591645240784,1.0639488697052002
26,0.8682795763015747,0.5410838723182678,0.7853046655654907,1.10060453414917
