epoch,accuracy,loss,val_accuracy,val_loss
0,0.10752688348293304,3.430774211883545,0.5489247441291809,2.5842604637145996
1,0.4327957034111023,2.3435490131378174,0.7148745656013489,1.8549355268478394
2,0.5967742204666138,1.7713823318481445,0.6976702213287354,1.5685583353042603
3,0.725806474685669,1.3995341062545776,0.7277777791023254,1.291325330734253
4,0.7419354915618896,1.201527714729309,0.726344108581543,1.2244479656219482
5,0.7956989407539368,1.0277595520019531,0.7265232801437378,1.1867104768753052
6,0.8440860509872437,0.8763543963432312,0.7247312068939209,1.196222186088562
7,0.8279569745063782,0.9222720861434937,0.66756272315979,1.3714425563812256
8,0.8172042965888977,1.0092835426330566,0.6998208165168762,1.2773462533950806
9,0.8467742204666138,0.8380523920059204,0.7211469411849976,1.2273198366165161
10,0.8736559152603149,0.78870689868927,0.7215054035186768,1.220916748046875
11,0.8817204236984253,0.6919557452201843,0.7277777791023254,1.1923161745071411
12,0.8736559152603149,0.6664295792579651,0.7392473220825195,1.2030524015426636
13,0.8897849321365356,0.6370059847831726,0.7354838848114014,1.273605465888977
14,0.8870967626571655,0.5371768474578857,0.7392473220825195,1.2163515090942383
15,0.9301075339317322,0.49549007415771484,0.7225806713104248,1.3121649026870728
16,0.8870967626571655,0.5914346575737,0.731361985206604,1.2837653160095215
17,0.9112903475761414,0.5220916867256165,0.7311828136444092,1.2788856029510498
18,0.9059139490127563,0.5254908800125122,0.7243727445602417,1.3251186609268188
19,0.9059139490127563,0.4979192316532135,0.6784946322441101,1.6194257736206055
20,0.9086021780967712,0.5296367406845093,0.7344086170196533,1.4000325202941895
21,0.8897849321365356,0.5391185879707336,0.7331541180610657,1.3927167654037476
22,0.9247311949729919,0.42977237701416016,0.7456989288330078,1.3599194288253784
23,0.9301075339317322,0.4572489857673645,0.7259856462478638,1.4783705472946167
24,0.9112903475761414,0.49332693219184875,0.7163082361221313,1.5509940385818481
25,0.9193548560142517,0.4416189193725586,0.7252688407897949,1.5175418853759766
