epoch,accuracy,loss,val_accuracy,val_loss
0,0.07661290466785431,3.7102513313293457,0.3820788562297821,2.7137136459350586
1,0.30241936445236206,2.7074849605560303,0.5763440728187561,2.1654317378997803
2,0.47580644488334656,2.118701457977295,0.6779569983482361,1.6082829236984253
3,0.5604838728904724,1.6723301410675049,0.6942652463912964,1.4268605709075928
4,0.649193525314331,1.4180541038513184,0.7286738157272339,1.2445063591003418
5,0.7298387289047241,1.3268460035324097,0.7430107593536377,1.132012128829956
6,0.7298387289047241,1.1843609809875488,0.7405018210411072,1.1456609964370728
7,0.7540322542190552,1.1378796100616455,0.7521505355834961,1.0665932893753052
8,0.7217742204666138,1.133878231048584,0.6310035586357117,1.5162094831466675
9,0.6814516186714172,1.3275270462036133,0.7105734944343567,1.2430760860443115
10,0.7298387289047241,1.1501054763793945,0.717025101184845,1.2321075201034546
11,0.6411290168762207,1.481162667274475,0.6211469769477844,1.5921674966812134
12,0.725806474685669,1.2512834072113037,0.7003584504127502,1.225677251815796
13,0.7701612710952759,0.8956071734428406,0.732437252998352,1.1419947147369385
14,0.8185483813285828,0.8813167214393616,0.7473118305206299,1.0914855003356934
15,0.8467742204666138,0.7305241823196411,0.7551971077919006,1.0770756006240845
16,0.8064516186714172,0.8435566425323486,0.7455196976661682,1.0916789770126343
17,0.8669354915618896,0.6841168403625488,0.7539426684379578,1.0843346118927002
18,0.8346773982048035,0.695590615272522,0.7625448107719421,1.074996829032898
19,0.8911290168762207,0.6185590624809265,0.7571684718132019,1.1224228143692017
20,0.8306451439857483,0.7101638317108154,0.7625448107719421,1.1325609683990479
21,0.8346773982048035,0.6356527805328369,0.7516129016876221,1.138658046722412
22,0.9072580933570862,0.5768187046051025,0.7534050345420837,1.1289373636245728
23,0.850806474685669,0.5953475832939148,0.7682795524597168,1.1573331356048584
24,0.875,0.5671772956848145,0.7629032135009766,1.1249297857284546
25,0.875,0.5812646746635437,0.7618279457092285,1.152982234954834
26,0.8548387289047241,0.5921841263771057,0.7623655796051025,1.1430187225341797
27,0.8669354915618896,0.5824267864227295,0.7729390859603882,1.1368080377578735
