epoch,accuracy,loss,val_accuracy,val_loss
0,0.10752688348293304,3.721776247024536,0.6507168412208557,2.2271575927734375
1,0.38978493213653564,2.3109774589538574,0.8356630802154541,1.332411766052246
2,0.6182795763015747,1.615875244140625,0.8413978219032288,1.0171844959259033
3,0.7634408473968506,1.1341699361801147,0.8589605689048767,0.870107889175415
4,0.7661290168762207,1.1179869174957275,0.8019713163375854,1.0242058038711548
5,0.7768816947937012,1.0811283588409424,0.8399641513824463,0.8540679812431335
6,0.7930107712745667,0.9046452045440674,0.8688172101974487,0.7689769864082336
7,0.8333333134651184,0.809456467628479,0.8616487383842468,0.7629266977310181
8,0.8494623899459839,0.7336438298225403,0.8691756129264832,0.7615796327590942
9,0.8817204236984253,0.6597656607627869,0.8650537729263306,0.7753428220748901
10,0.8763440847396851,0.7146720290184021,0.8586021661758423,0.7916203737258911
11,0.9059139490127563,0.61766117811203,0.8675627112388611,0.7770946025848389
12,0.8844085931777954,0.632723331451416,0.8553763628005981,0.8094136118888855
13,0.8924731016159058,0.6642146110534668,0.8519713282585144,0.8779410719871521
14,0.897849440574646,0.6213021874427795,0.8575268983840942,0.8590973615646362
15,0.9086021780967712,0.5470772385597229,0.8415770530700684,0.9883641004562378
16,0.9139785170555115,0.6222693920135498,0.8573476672172546,0.8650693297386169
17,0.8817204236984253,0.5907400250434875,0.8627240061759949,0.8540038466453552
18,0.9247311949729919,0.525078535079956,0.8670250773429871,0.8547565340995789
19,0.9220430254936218,0.4882420003414154,0.8634408712387085,0.8654174208641052
20,0.9193548560142517,0.4902989864349365,0.8691756129264832,0.848999559879303
21,0.9220430254936218,0.47244930267333984,0.8672043085098267,0.8681174516677856
22,0.9220430254936218,0.45899033546447754,0.8639785051345825,0.8848613500595093
23,0.9193548560142517,0.47719162702560425,0.851075291633606,0.9828898310661316
24,0.9193548560142517,0.4860525131225586,0.8215053677558899,1.1813876628875732
25,0.8844085931777954,0.72358638048172,0.8379928469657898,1.0546280145645142
26,0.9059139490127563,0.567024290561676,0.8308243751525879,1.0574034452438354
27,0.9166666865348816,0.47588175535202026,0.8462365865707397,0.9963495135307312
28,0.9247311949729919,0.5084443688392639,0.853225827217102,0.94488126039505
