epoch,accuracy,loss,val_accuracy,val_loss
0,0.12634408473968506,3.7547099590301514,0.5421146750450134,2.3041398525238037
1,0.42473119497299194,2.193089485168457,0.791756272315979,1.4850269556045532
2,0.5591397881507874,1.6887776851654053,0.8046594858169556,1.1506203413009644
3,0.6854838728904724,1.2887060642242432,0.8224014043807983,0.9795286059379578
4,0.7634408473968506,1.0602515935897827,0.8464157581329346,0.8725221753120422
5,0.8225806355476379,0.912750244140625,0.8412186503410339,0.8607243299484253
6,0.8387096524238586,0.7894748449325562,0.85161292552948,0.8580090999603271
7,0.8870967626571655,0.7178462743759155,0.8679211735725403,0.8239349722862244
8,0.8629032373428345,0.7868461012840271,0.8421146869659424,0.9137032628059387
9,0.8870967626571655,0.7368111610412598,0.8500000238418579,0.880767822265625
10,0.8844085931777954,0.655990719795227,0.8480286598205566,0.8906954526901245
11,0.8575268983840942,0.7923188805580139,0.8157706260681152,0.9900707602500916
12,0.9005376100540161,0.6754316687583923,0.8381720185279846,0.9292502403259277
13,0.8897849321365356,0.6443126201629639,0.8292114734649658,0.9994447827339172
14,0.8897849321365356,0.7259120941162109,0.8272401690483093,0.9744545817375183
15,0.9086021780967712,0.605125367641449,0.8534049987792969,0.879014253616333
16,0.9354838728904724,0.5178793668746948,0.8582437038421631,0.8728174567222595
17,0.9354838728904724,0.464557945728302,0.8670250773429871,0.8451017737388611
18,0.9462365508079529,0.4416046142578125,0.8689964413642883,0.8585512042045593
19,0.9408602118492126,0.44971638917922974,0.8706093430519104,0.8605953454971313
20,0.9462365508079529,0.4479171931743622,0.8673835396766663,0.8748897314071655
21,0.9274193644523621,0.5362339019775391,0.8611111044883728,0.9372631907463074
22,0.9193548560142517,0.5137571692466736,0.8689964413642883,0.8833310604095459
23,0.948924720287323,0.4548684060573578,0.866487443447113,0.920278012752533
24,0.9327957034111023,0.46701180934906006,0.874731183052063,0.8964800834655762
25,0.948924720287323,0.45016926527023315,0.8220430016517639,1.211331844329834
26,0.9247311949729919,0.5827172994613647,0.8055555820465088,1.3220962285995483
27,0.8682795763015747,0.7788812518119812,0.7517921328544617,1.4980416297912598
