epoch,accuracy,loss,val_accuracy,val_loss
0,0.13709677755832672,3.527177095413208,0.607168436050415,2.275357484817505
1,0.4032258093357086,2.2231104373931885,0.7795698642730713,1.4666869640350342
2,0.6129032373428345,1.5912402868270874,0.7980286478996277,1.1400713920593262
3,0.7459677457809448,1.218608021736145,0.8211469650268555,0.9707567691802979
4,0.8245967626571655,0.9568678140640259,0.8116487264633179,0.9788953065872192
5,0.8528226017951965,0.8119827508926392,0.8164874315261841,0.9428789019584656
6,0.8830645084381104,0.7731536626815796,0.8172042965888977,0.9490669369697571
7,0.899193525314331,0.667864203453064,0.8220430016517639,0.9429832696914673
8,0.8669354915618896,0.6954168081283569,0.7980286478996277,1.0784350633621216
9,0.8891128897666931,0.7040213346481323,0.8258064389228821,0.9793856739997864
10,0.8951612710952759,0.644328236579895,0.8173835277557373,1.021814227104187
11,0.8911290168762207,0.63431316614151,0.7774193286895752,1.2638746500015259
12,0.8931451439857483,0.656557559967041,0.823655903339386,1.019053339958191
13,0.8911290168762207,0.6784752607345581,0.8358423113822937,0.9701963663101196
14,0.9193548560142517,0.5383488535881042,0.8240143656730652,1.0385282039642334
15,0.9375,0.5151045918464661,0.8259856700897217,1.027207851409912
16,0.9334677457809448,0.4883979260921478,0.8290322422981262,1.0287072658538818
17,0.9556451439857483,0.43731650710105896,0.84336918592453,0.9662866592407227
18,0.9294354915618896,0.5034604072570801,0.8415770530700684,0.9820302128791809
19,0.9475806355476379,0.4442876875400543,0.8071684837341309,1.1538991928100586
20,0.9314516186714172,0.47083500027656555,0.8299283385276794,1.0890249013900757
21,0.9455645084381104,0.415768563747406,0.8370967507362366,1.0334421396255493
22,0.9516128897666931,0.42449596524238586,0.8548387289047241,0.9628018140792847
23,0.9495967626571655,0.40753552317619324,0.8507168292999268,0.9922642707824707
24,0.9536290168762207,0.42042607069015503,0.8456989526748657,1.0324350595474243
25,0.9495967626571655,0.4207306206226349,0.8310036063194275,1.1429109573364258
