epoch,accuracy,loss,val_accuracy,val_loss
0,0.15927419066429138,3.336578845977783,0.7120071649551392,2.033277988433838
1,0.4858871102333069,1.9910038709640503,0.8421146869659424,1.1747419834136963
2,0.6673387289047241,1.4024494886398315,0.8548387289047241,0.927003800868988
3,0.7862903475761414,1.0714200735092163,0.8471326231956482,0.873746395111084
4,0.8024193644523621,0.9706685543060303,0.8596774339675903,0.8042132258415222
5,0.8588709831237793,0.8077893257141113,0.8548387289047241,0.8145288228988647
6,0.8891128897666931,0.7051663994789124,0.8629032373428345,0.7902248501777649
7,0.9032257795333862,0.692724883556366,0.8734766840934753,0.7703694701194763
8,0.9092742204666138,0.6379222273826599,0.8559139966964722,0.873150646686554
9,0.9092742204666138,0.5820095539093018,0.852150559425354,0.8776655197143555
10,0.8891128897666931,0.7687709927558899,0.8431899547576904,0.9286532998085022
11,0.8608871102333069,0.8180295825004578,0.8313620090484619,1.0009593963623047
12,0.8891128897666931,0.6579989194869995,0.8507168292999268,0.9574324488639832
13,0.9032257795333862,0.630496621131897,0.865412175655365,0.9029340744018555
14,0.9233871102333069,0.5230708122253418,0.8725806474685669,0.8514721989631653
15,0.9435483813285828,0.4852871596813202,0.8754480481147766,0.84495609998703
16,0.9314516186714172,0.5334972739219666,0.8551971316337585,1.0002306699752808
17,0.9213709831237793,0.6057954430580139,0.8367383480072021,1.0794938802719116
18,0.9112903475761414,0.711930513381958,0.7704300880432129,1.4375643730163574
19,0.875,0.8521355986595154,0.8405017852783203,1.0286976099014282
20,0.9233871102333069,0.5989795923233032,0.8621863722801208,0.9348974823951721
21,0.9354838728904724,0.5284793376922607,0.8587813377380371,0.9757949709892273
22,0.9233871102333069,0.5467199683189392,0.8725806474685669,0.91122967004776
23,0.9354838728904724,0.5206685066223145,0.8679211735725403,0.9228518009185791
24,0.9536290168762207,0.4970961809158325,0.8774193525314331,0.8866384029388428
25,0.9495967626571655,0.46633198857307434,0.8731182813644409,0.9029545187950134
26,0.9415322542190552,0.4463750720024109,0.874193549156189,0.9167508482933044
27,0.9435483813285828,0.4410744309425354,0.8596774339675903,1.0271981954574585
