epoch,accuracy,loss,val_accuracy,val_loss
0,0.0903225839138031,4.006453037261963,0.4765233099460602,2.4332921504974365
1,0.33225807547569275,2.55277419090271,0.7978494763374329,1.5356322526931763
2,0.5387097001075745,1.7452679872512817,0.8426523208618164,1.0968539714813232
3,0.6838709712028503,1.342984914779663,0.843906819820404,0.9046177864074707
4,0.8129032254219055,1.0245035886764526,0.8634408712387085,0.7807841300964355
5,0.8451613187789917,0.8427817225456238,0.8688172101974487,0.736041784286499
6,0.8225806355476379,0.8031829595565796,0.8387096524238586,0.8958320021629333
7,0.7838709950447083,0.9794319272041321,0.759319007396698,1.2792460918426514
8,0.7935484051704407,1.0762258768081665,0.8152329921722412,1.0345460176467896
9,0.8419354557991028,0.8072689175605774,0.823655903339386,0.9737609028816223
10,0.8870967626571655,0.6521254777908325,0.8320788741111755,0.909919261932373
11,0.8580645322799683,0.7506742477416992,0.8681003451347351,0.7809099555015564
12,0.8806451559066772,0.6863457560539246,0.8704301118850708,0.7868295311927795
13,0.896774172782898,0.6095741987228394,0.8652330040931702,0.806256890296936
14,0.9161290526390076,0.539679229259491,0.8700717091560364,0.8163055181503296
15,0.9064516425132751,0.537476658821106,0.84336918592453,0.9074656963348389
16,0.9129032492637634,0.49198031425476074,0.8353046774864197,0.9748082756996155
17,0.9419354796409607,0.48056861758232117,0.8471326231956482,0.8780166506767273
18,0.9322580695152283,0.5028204917907715,0.8577060699462891,0.8759180903434753
19,0.9096774458885193,0.4949434697628021,0.8609318733215332,0.8747470378875732
20,0.9161290526390076,0.4499362111091614,0.8637992739677429,0.8399060368537903
21,0.9193548560142517,0.49237704277038574,0.8609318733215332,0.8587672710418701
22,0.948387086391449,0.43624818325042725,0.8612903356552124,0.8851327896118164
23,0.9290322661399841,0.4471491277217865,0.8623656034469604,0.8996690511703491
24,0.8612903356552124,0.697525143623352,0.7897849678993225,1.312730073928833
25,0.9129032492637634,0.52274489402771,0.834587812423706,1.0656849145889282
