epoch,accuracy,loss,val_accuracy,val_loss
0,0.08870967477560043,3.932955026626587,0.4234766960144043,2.6265170574188232
1,0.2943548262119293,2.7490477561950684,0.7148745656013489,1.8930251598358154
2,0.46370968222618103,2.1535773277282715,0.7844086289405823,1.4379551410675049
3,0.5967742204666138,1.6804358959197998,0.8086021542549133,1.1829558610916138
4,0.7096773982048035,1.3086647987365723,0.8069892525672913,1.0899187326431274
5,0.7459677457809448,1.2124810218811035,0.7937275767326355,1.1046940088272095
6,0.8064516186714172,1.0186264514923096,0.8261649012565613,0.9635796546936035
7,0.7943548560142517,1.0163131952285767,0.8184587955474854,0.9709280133247375
8,0.8346773982048035,0.8770307898521423,0.7896057367324829,1.0910813808441162
9,0.8145161271095276,0.9395543336868286,0.7974910140037537,1.0939081907272339
10,0.8427419066429138,0.8541638255119324,0.8270609378814697,0.9607470631599426
11,0.8588709831237793,0.8465660810470581,0.810931921005249,1.0348707437515259
