epoch,accuracy,loss,val_accuracy,val_loss
0,0.1428571492433548,3.6432125568389893,0.6781362295150757,2.0822601318359375
1,0.4193548262119293,2.2670040130615234,0.8537634611129761,1.2138365507125854
2,0.6497696042060852,1.4228075742721558,0.8675627112388611,0.8621216416358948
3,0.7626727819442749,1.1041288375854492,0.8525089621543884,0.8007684946060181
4,0.8110598921775818,0.904708743095398,0.8537634611129761,0.8047471046447754
5,0.861751139163971,0.7629639506340027,0.8722222447395325,0.7409927845001221
6,0.882488489151001,0.6768874526023865,0.8209677338600159,0.9664857983589172
7,0.8110598921775818,1.0203917026519775,0.8111110925674438,1.0058472156524658
8,0.8894008994102478,0.642754852771759,0.8431899547576904,0.8633443713188171
9,0.8732718825340271,0.7283654808998108,0.8256272673606873,0.961862325668335
10,0.8847926259040833,0.7696144580841064,0.7630824446678162,1.3191410303115845
11,0.8870967626571655,0.7340715527534485,0.8025089502334595,1.135823369026184
12,0.900921642780304,0.6422873735427856,0.8430107235908508,0.9679347276687622
13,0.8963133692741394,0.6099003553390503,0.8467742204666138,0.9339180588722229
14,0.8686636090278625,0.8074830770492554,0.8071684837341309,1.1762322187423706
15,0.8894008994102478,0.7033981680870056,0.8403225541114807,1.006739854812622
16,0.8963133692741394,0.6526690125465393,0.8534049987792969,0.9373515248298645
17,0.9078341126441956,0.5416991710662842,0.8568100333213806,0.9342275261878967
18,0.9055299758911133,0.5703417658805847,0.853225827217102,0.9710012674331665
19,0.9124423861503601,0.524029016494751,0.8578853011131287,0.9345269799232483
20,0.9470046162605286,0.4301634132862091,0.8596774339675903,0.9308463335037231
21,0.9331797361373901,0.4579481780529022,0.8614695072174072,0.9010286331176758
22,0.9239631295204163,0.47509732842445374,0.8641576766967773,0.879868745803833
23,0.9147465229034424,0.4487646520137787,0.8695340752601624,0.8902218341827393
24,0.9262672662734985,0.45461902022361755,0.8562723994255066,0.9506998062133789
25,0.9285714030265808,0.4355614185333252,0.8686379790306091,0.9148473143577576
