epoch,accuracy,loss,val_accuracy,val_loss
0,0.12544803321361542,3.6277480125427246,0.6922938823699951,1.9695478677749634
1,0.5143369436264038,1.897864580154419,0.8378136157989502,1.1836204528808594
2,0.7060931921005249,1.2647119760513306,0.8772401213645935,0.8375948667526245
3,0.8315412402153015,0.9267296195030212,0.8765233159065247,0.7593756914138794
4,0.8906810283660889,0.7256420254707336,0.8833333253860474,0.7083448171615601
5,0.9229390621185303,0.6463668346405029,0.8790322542190552,0.7378039956092834
6,0.9068100452423096,0.651746392250061,0.8693548440933228,0.8041867017745972
7,0.8996415734291077,0.6569589376449585,0.8444444537162781,0.9607247114181519
8,0.9193548560142517,0.5801153779029846,0.8603942394256592,0.872166633605957
9,0.9247311949729919,0.5303180813789368,0.8706093430519104,0.8337380290031433
10,0.9408602118492126,0.502517819404602,0.8774193525314331,0.8157510757446289
11,0.9301075339317322,0.5832559466362,0.8406810164451599,1.017390489578247
12,0.8888888955116272,0.7653121948242188,0.7752687931060791,1.3543654680252075
13,0.8584229350090027,0.7142861485481262,0.8478494882583618,0.9277324676513672
14,0.9283154010772705,0.5604712963104248,0.8734766840934753,0.8420858979225159
15,0.9336917400360107,0.49680718779563904,0.8577060699462891,0.9334009885787964
16,0.9426523447036743,0.46004822850227356,0.8568100333213806,0.9654754400253296
17,0.9301075339317322,0.4808802306652069,0.866487443447113,0.9189146161079407
18,0.9444444179534912,0.4327766001224518,0.8716846108436584,0.8959504961967468
19,0.9247311949729919,0.5154736042022705,0.8711469769477844,0.8848617076873779
20,0.9498208165168762,0.4675268232822418,0.8759856820106506,0.8822295665740967
21,0.9551971554756165,0.43812277913093567,0.8811827898025513,0.8789397478103638
22,0.958781361579895,0.40804100036621094,0.8810035586357117,0.9093806743621826
23,0.9534050226211548,0.41880449652671814,0.8811827898025513,0.9002541899681091
24,0.9695340394973755,0.3551596999168396,0.8863799571990967,0.861882209777832
