epoch,accuracy,loss,val_accuracy,val_loss
0,0.3166666626930237,10.68738079071045,0.21111111342906952,6.9958672523498535
1,0.30000001192092896,4.110967636108398,0.23333333432674408,3.6797542572021484
