epoch,accuracy,loss,val_accuracy,val_loss
0,0.22499999403953552,3.5281569957733154,0.2562499940395355,2.7707719802856445
1,0.375,2.1510255336761475,0.40625,2.0710654258728027
