epoch,accuracy,loss,val_accuracy,val_loss
0,0.6333333253860474,1.2639826536178589,0.644444465637207,1.2840908765792847
1,0.6499999761581421,1.0278860330581665,0.7138888835906982,0.9894238114356995
