epoch,accuracy,loss,val_accuracy,val_loss
0,0.10000000149011612,3.349217414855957,0.28125,2.6183998584747314
1,0.3583333194255829,2.3436007499694824,0.4124999940395355,2.1367785930633545
2,0.5333333611488342,1.8483368158340454,0.4791666567325592,1.889294981956482
3,0.6000000238418579,1.5186660289764404,0.47708332538604736,1.7450498342514038
4,0.5583333373069763,1.4545187950134277,0.4958333373069763,1.6678283214569092
5,0.6083333492279053,1.3158150911331177,0.5208333134651184,1.5956742763519287
6,0.7166666388511658,1.114392876625061,0.5041666626930237,1.55837881565094
7,0.699999988079071,1.0916099548339844,0.5291666388511658,1.5232865810394287
8,0.75,0.9797261357307434,0.5416666865348816,1.4870312213897705
