epoch,accuracy,loss,val_accuracy,val_loss
0,0.10000000149011612,3.2423017024993896,0.2933333218097687,2.7026619911193848
1,0.3266666531562805,2.455303192138672,0.46000000834465027,2.236828088760376
2,0.4333333373069763,2.114642858505249,0.5133333206176758,1.9691219329833984
3,0.4466666579246521,1.8855386972427368,0.5099999904632568,1.8042842149734497
4,0.5199999809265137,1.7324918508529663,0.5133333206176758,1.6946231126785278
5,0.5299999713897705,1.609971046447754,0.5566666722297668,1.6066607236862183
6,0.550000011920929,1.535463809967041,0.5799999833106995,1.5431386232376099
7,0.5666666626930237,1.463133692741394,0.5699999928474426,1.4980874061584473
8,0.5666666626930237,1.3900107145309448,0.5699999928474426,1.455366611480713
9,0.6066666841506958,1.3207809925079346,0.5933333039283752,1.4270676374435425
10,0.6033333539962769,1.3258476257324219,0.5866666436195374,1.4058536291122437
11,0.5799999833106995,1.2802128791809082,0.5866666436195374,1.3804130554199219
12,0.5533333420753479,1.2978765964508057,0.5933333039283752,1.3616169691085815
13,0.6233333349227905,1.1901262998580933,0.5899999737739563,1.3457216024398804
14,0.6066666841506958,1.2108852863311768,0.5899999737739563,1.329094648361206
15,0.6133333444595337,1.19489324092865,0.5766666531562805,1.332751989364624
16,0.653333306312561,1.1033862829208374,0.5899999737739563,1.3240772485733032
17,0.6266666650772095,1.1444299221038818,0.5933333039283752,1.3146052360534668
18,0.6066666841506958,1.1515971422195435,0.5766666531562805,1.3091843128204346
19,0.6333333253860474,1.0697218179702759,0.5699999928474426,1.306053638458252
20,0.6166666746139526,1.1377081871032715,0.5833333134651184,1.2971590757369995
21,0.6633333563804626,1.071923017501831,0.5733333230018616,1.2868642807006836
22,0.6333333253860474,1.0561963319778442,0.5899999737739563,1.275221347808838
