epoch,accuracy,loss,val_accuracy,val_loss
0,0.03150537610054016,3.4450204372406006,0.032258063554763794,3.4374020099639893
1,0.030681002885103226,3.436647415161133,0.032258063554763794,3.4354727268218994
2,0.03129032254219055,3.4354605674743652,0.032258063554763794,3.434863567352295
3,0.03175627067685127,3.4350712299346924,0.032258063554763794,3.4346556663513184
