epoch,accuracy,loss,val_accuracy,val_loss
0,0.03150537610054016,3.4450204372406006,0.032258063554763794,3.4374020099639893
1,0.030681002885103226,3.436647415161133,0.032258063554763794,3.4354727268218994
2,0.03129032254219055,3.4354605674743652,0.032258063554763794,3.434863567352295
3,0.03175627067685127,3.4350712299346924,0.032258063554763794,3.4346556663513184
4,0.031326163560152054,3.435034990310669,0.032258063554763794,3.434917449951172
5,0.03168458864092827,3.4351694583892822,0.032258063554763794,3.4348528385162354
6,0.031146952882409096,3.434959888458252,0.032258063554763794,3.4343960285186768
7,0.04068100452423096,3.431642532348633,0.032258063554763794,3.5689361095428467
8,0.06623655557632446,3.2971465587615967,0.032258063554763794,4.576606273651123
