epoch,accuracy,loss,val_accuracy,val_loss
0,0.09271523356437683,3.4595203399658203,0.32894736528396606,3.3323867321014404
1,0.28145694732666016,3.216871738433838,0.5394737124443054,2.9693961143493652
2,0.4039735198020935,2.967418670654297,0.5921052694320679,2.6653330326080322
