epoch,accuracy,loss,val_accuracy,val_loss
0,0.09265175461769104,3.482959270477295,0.3037974536418915,3.302388906478882
1,0.30031949281692505,3.232477903366089,0.5569620132446289,2.997581958770752
2,0.43769967555999756,2.9422242641448975,0.5443037748336792,2.715350866317749
3,0.4760383367538452,2.7003941535949707,0.6202531456947327,2.4016494750976562
4,0.5527156591415405,2.4220924377441406,0.6202531456947327,2.276496648788452
5,0.6038338541984558,2.1667261123657227,0.6835442781448364,1.8960509300231934
